file,year,subject,problem,risk_type,dependency,recommended_action
latex-project/content/split_algebra/algebra_2010.tex,2010,algebra,1,THEOREM_DEP,,Classify dependency as allowed prerequisite or expand proof/special case if it is the tested point.
latex-project/content/split_algebra/algebra_2010.tex,2010,algebra,2,THEOREM_DEP,,Classify dependency as allowed prerequisite or expand proof/special case if it is the tested point.
latex-project/content/split_algebra/algebra_2010.tex,2010,algebra,3,THEOREM_DEP,,Classify dependency as allowed prerequisite or expand proof/special case if it is the tested point.
latex-project/content/split_algebra/algebra_2010.tex,2010,algebra,4,THEOREM_DEP,"Eisenstein, Galois",Classify dependency as allowed prerequisite or expand proof/special case if it is the tested point.
latex-project/content/split_algebra/algebra_2010.tex,2010,algebra,5,THEOREM_DEP,,Classify dependency as allowed prerequisite or expand proof/special case if it is the tested point.
latex-project/content/split_algebra/algebra_2010.tex,2010,algebra,6,THEOREM_DEP,representation theory,Classify dependency as allowed prerequisite or expand proof/special case if it is the tested point.
latex-project/content/split_algebra/algebra_2010.tex,2010,algebra,7,OK,,No action unless subject reviewer finds a mathematical gap.
latex-project/content/split_algebra/algebra_2010.tex,2010,algebra,8,THEOREM_DEP,Mason-Stothers,Classify dependency as allowed prerequisite or expand proof/special case if it is the tested point.
latex-project/content/split_algebra/algebra_2010.tex,2010,algebra,9,THEOREM_DEP,,Classify dependency as allowed prerequisite or expand proof/special case if it is the tested point.
latex-project/content/split_algebra/algebra_2010.tex,2010,algebra,10,THEOREM_DEP,"Eisenstein, Galois",Classify dependency as allowed prerequisite or expand proof/special case if it is the tested point.
latex-project/content/split_algebra/algebra_2010.tex,2010,algebra,11,STATEMENT_RISK+THEOREM_DEP,"Sylow, false",Keep original statement; add counterexample/missing-hypothesis note and prove corrected intended version.
latex-project/content/split_algebra/algebra_2010.tex,2010,algebra,12,OK,,No action unless subject reviewer finds a mathematical gap.
latex-project/content/split_algebra/algebra_2011.tex,2011,algebra,1,THEOREM_DEP,Galois,Classify dependency as allowed prerequisite or expand proof/special case if it is the tested point.
latex-project/content/split_algebra/algebra_2011.tex,2011,algebra,2,OK,,No action unless subject reviewer finds a mathematical gap.
latex-project/content/split_algebra/algebra_2011.tex,2011,algebra,3,OK,,No action unless subject reviewer finds a mathematical gap.
latex-project/content/split_algebra/algebra_2011.tex,2011,algebra,4,OK,,No action unless subject reviewer finds a mathematical gap.
latex-project/content/split_algebra/algebra_2011.tex,2011,algebra,5,OK,,No action unless subject reviewer finds a mathematical gap.
latex-project/content/split_algebra/algebra_2011.tex,2011,algebra,6,THEOREM_DEP,Sylow,Classify dependency as allowed prerequisite or expand proof/special case if it is the tested point.
latex-project/content/split_algebra/algebra_2011.tex,2011,algebra,7,THEOREM_DEP,,Classify dependency as allowed prerequisite or expand proof/special case if it is the tested point.
latex-project/content/split_algebra/algebra_2011.tex,2011,algebra,8,OK,,No action unless subject reviewer finds a mathematical gap.
latex-project/content/split_algebra/algebra_2011.tex,2011,algebra,9,OK,,No action unless subject reviewer finds a mathematical gap.
latex-project/content/split_algebra/algebra_2011.tex,2011,algebra,10,OK,,No action unless subject reviewer finds a mathematical gap.
latex-project/content/split_algebra/algebra_2011.tex,2011,algebra,11,THEOREM_DEP,Sylow,Classify dependency as allowed prerequisite or expand proof/special case if it is the tested point.
latex-project/content/split_algebra/algebra_2011.tex,2011,algebra,12,THEOREM_DEP,,Classify dependency as allowed prerequisite or expand proof/special case if it is the tested point.
latex-project/content/split_algebra/algebra_2012.tex,2012,algebra,1,THEOREM_DEP,Eisenstein,Classify dependency as allowed prerequisite or expand proof/special case if it is the tested point.
latex-project/content/split_algebra/algebra_2012.tex,2012,algebra,2,THEOREM_DEP,Sylow,Classify dependency as allowed prerequisite or expand proof/special case if it is the tested point.
latex-project/content/split_algebra/algebra_2012.tex,2012,algebra,3,THEOREM_DEP,representation theory,Classify dependency as allowed prerequisite or expand proof/special case if it is the tested point.
latex-project/content/split_algebra/algebra_2012.tex,2012,algebra,4,THEOREM_DEP,,Classify dependency as allowed prerequisite or expand proof/special case if it is the tested point.
latex-project/content/split_algebra/algebra_2012.tex,2012,algebra,5,OK,,No action unless subject reviewer finds a mathematical gap.
latex-project/content/split_algebra/algebra_2012.tex,2012,algebra,6,OK,,No action unless subject reviewer finds a mathematical gap.
latex-project/content/split_algebra/algebra_2012.tex,2012,algebra,7,OK,,No action unless subject reviewer finds a mathematical gap.
latex-project/content/split_algebra/algebra_2012.tex,2012,algebra,8,THEOREM_DEP,Sylow,Classify dependency as allowed prerequisite or expand proof/special case if it is the tested point.
latex-project/content/split_algebra/algebra_2012.tex,2012,algebra,9,OK,,No action unless subject reviewer finds a mathematical gap.
latex-project/content/split_algebra/algebra_2012.tex,2012,algebra,10,OK,,No action unless subject reviewer finds a mathematical gap.
latex-project/content/split_algebra/algebra_2012.tex,2012,algebra,11,OK,,No action unless subject reviewer finds a mathematical gap.
latex-project/content/split_algebra/algebra_2012.tex,2012,algebra,12,THEOREM_DEP,,Classify dependency as allowed prerequisite or expand proof/special case if it is the tested point.
latex-project/content/split_algebra/algebra_2013.tex,2013,algebra,1,THEOREM_DEP+SOURCE_ALIGN_RISK,Sylow,Classify dependency as allowed prerequisite or expand proof/special case if it is the tested point.
latex-project/content/split_algebra/algebra_2013.tex,2013,algebra,2,SOURCE_ALIGN_RISK,,Verify against individual/team/year source PDF; do not rewrite if OCR/source is uncertain.
latex-project/content/split_algebra/algebra_2013.tex,2013,algebra,3,SOURCE_ALIGN_RISK,,Verify against individual/team/year source PDF; do not rewrite if OCR/source is uncertain.
latex-project/content/split_algebra/algebra_2013.tex,2013,algebra,4,THEOREM_DEP+SOURCE_ALIGN_RISK,,Classify dependency as allowed prerequisite or expand proof/special case if it is the tested point.
latex-project/content/split_algebra/algebra_2013.tex,2013,algebra,5,SOURCE_ALIGN_RISK,,Verify against individual/team/year source PDF; do not rewrite if OCR/source is uncertain.
latex-project/content/split_algebra/algebra_2013.tex,2013,algebra,6,SOURCE_ALIGN_RISK,,Verify against individual/team/year source PDF; do not rewrite if OCR/source is uncertain.
latex-project/content/split_algebra/algebra_2013.tex,2013,algebra,7,SOURCE_ALIGN_RISK,,Verify against individual/team/year source PDF; do not rewrite if OCR/source is uncertain.
latex-project/content/split_algebra/algebra_2013.tex,2013,algebra,8,THEOREM_DEP+SOURCE_ALIGN_RISK,Galois,Classify dependency as allowed prerequisite or expand proof/special case if it is the tested point.
latex-project/content/split_algebra/algebra_2014.tex,2014,algebra,1,OK,,No action unless subject reviewer finds a mathematical gap.
latex-project/content/split_algebra/algebra_2014.tex,2014,algebra,2,THEOREM_DEP,,Classify dependency as allowed prerequisite or expand proof/special case if it is the tested point.
latex-project/content/split_algebra/algebra_2014.tex,2014,algebra,3,OK,,No action unless subject reviewer finds a mathematical gap.
latex-project/content/split_algebra/algebra_2014.tex,2014,algebra,4,OK,,No action unless subject reviewer finds a mathematical gap.
latex-project/content/split_algebra/algebra_2014.tex,2014,algebra,5,THEOREM_DEP+SOURCE_ALIGN_RISK,individual,Classify dependency as allowed prerequisite or expand proof/special case if it is the tested point.
latex-project/content/split_algebra/algebra_2014.tex,2014,algebra,6,OK,,No action unless subject reviewer finds a mathematical gap.
latex-project/content/split_algebra/algebra_2014.tex,2014,algebra,7,OK,,No action unless subject reviewer finds a mathematical gap.
latex-project/content/split_algebra/algebra_2014.tex,2014,algebra,8,THEOREM_DEP,,Classify dependency as allowed prerequisite or expand proof/special case if it is the tested point.
latex-project/content/split_algebra/algebra_2014.tex,2014,algebra,9,OK,,No action unless subject reviewer finds a mathematical gap.
latex-project/content/split_algebra/algebra_2014.tex,2014,algebra,10,OK,,No action unless subject reviewer finds a mathematical gap.
latex-project/content/split_algebra/algebra_2014.tex,2014,algebra,11,THEOREM_DEP,,Classify dependency as allowed prerequisite or expand proof/special case if it is the tested point.
latex-project/content/split_algebra/algebra_2014.tex,2014,algebra,12,OK,,No action unless subject reviewer finds a mathematical gap.
latex-project/content/split_algebra/algebra_2015.tex,2015,algebra,1,OK,,No action unless subject reviewer finds a mathematical gap.
latex-project/content/split_algebra/algebra_2015.tex,2015,algebra,2,OK,,No action unless subject reviewer finds a mathematical gap.
latex-project/content/split_algebra/algebra_2015.tex,2015,algebra,3,THEOREM_DEP,"Frobenius, Galois",Classify dependency as allowed prerequisite or expand proof/special case if it is the tested point.
latex-project/content/split_algebra/algebra_2015.tex,2015,algebra,4,THEOREM_DEP,,Classify dependency as allowed prerequisite or expand proof/special case if it is the tested point.
latex-project/content/split_algebra/algebra_2015.tex,2015,algebra,5,OK,,No action unless subject reviewer finds a mathematical gap.
latex-project/content/split_algebra/algebra_2015.tex,2015,algebra,6,THEOREM_DEP,,Classify dependency as allowed prerequisite or expand proof/special case if it is the tested point.
latex-project/content/split_algebra/algebra_2015.tex,2015,algebra,7,THEOREM_DEP,Sylow,Classify dependency as allowed prerequisite or expand proof/special case if it is the tested point.
latex-project/content/split_algebra/algebra_2015.tex,2015,algebra,8,THEOREM_DEP,Galois,Classify dependency as allowed prerequisite or expand proof/special case if it is the tested point.
latex-project/content/split_algebra/algebra_2015.tex,2015,algebra,9,THEOREM_DEP,representation theory,Classify dependency as allowed prerequisite or expand proof/special case if it is the tested point.
latex-project/content/split_algebra/algebra_2015.tex,2015,algebra,10,THEOREM_DEP,spectral theorem,Classify dependency as allowed prerequisite or expand proof/special case if it is the tested point.
latex-project/content/split_algebra/algebra_2015.tex,2015,algebra,11,THEOREM_DEP,"Eisenstein, Galois, Sylow",Classify dependency as allowed prerequisite or expand proof/special case if it is the tested point.
latex-project/content/split_algebra/algebra_2016.tex,2016,algebra,1,STATEMENT_RISK+THEOREM_DEP+SOURCE_ALIGN_RISK,"counterexample, does not hold",Keep original statement; add counterexample/missing-hypothesis note and prove corrected intended version.
latex-project/content/split_algebra/algebra_2016.tex,2016,algebra,2,THEOREM_DEP+SOURCE_ALIGN_RISK,structure theorem,Classify dependency as allowed prerequisite or expand proof/special case if it is the tested point.
latex-project/content/split_algebra/algebra_2016.tex,2016,algebra,3,THEOREM_DEP+SOURCE_ALIGN_RISK,,Classify dependency as allowed prerequisite or expand proof/special case if it is the tested point.
latex-project/content/split_algebra/algebra_2016.tex,2016,algebra,4,THEOREM_DEP+SOURCE_ALIGN_RISK,individual,Classify dependency as allowed prerequisite or expand proof/special case if it is the tested point.
latex-project/content/split_algebra/algebra_2016.tex,2016,algebra,5,THEOREM_DEP+SOURCE_ALIGN_RISK,Sylow,Classify dependency as allowed prerequisite or expand proof/special case if it is the tested point.
latex-project/content/split_algebra/algebra_2016.tex,2016,algebra,6,SOURCE_ALIGN_RISK,,Verify against individual/team/year source PDF; do not rewrite if OCR/source is uncertain.
latex-project/content/split_algebra/algebra_2016.tex,2016,algebra,7,THEOREM_DEP+SOURCE_ALIGN_RISK,,Classify dependency as allowed prerequisite or expand proof/special case if it is the tested point.
latex-project/content/split_algebra/algebra_2016.tex,2016,algebra,8,THEOREM_DEP+SOURCE_ALIGN_RISK,Galois,Classify dependency as allowed prerequisite or expand proof/special case if it is the tested point.
latex-project/content/split_algebra/algebra_2016.tex,2016,algebra,9,THEOREM_DEP+SOURCE_ALIGN_RISK,,Classify dependency as allowed prerequisite or expand proof/special case if it is the tested point.
latex-project/content/split_algebra/algebra_2016.tex,2016,algebra,10,SOURCE_ALIGN_RISK,,Verify against individual/team/year source PDF; do not rewrite if OCR/source is uncertain.
latex-project/content/split_algebra/algebra_2017.tex,2017,algebra,1,THEOREM_DEP+SOURCE_ALIGN_RISK,individual,Classify dependency as allowed prerequisite or expand proof/special case if it is the tested point.
latex-project/content/split_algebra/algebra_2017.tex,2017,algebra,2,THEOREM_DEP+SOURCE_ALIGN_RISK,,Classify dependency as allowed prerequisite or expand proof/special case if it is the tested point.
latex-project/content/split_algebra/algebra_2017.tex,2017,algebra,3,THEOREM_DEP+SOURCE_ALIGN_RISK,Galois,Classify dependency as allowed prerequisite or expand proof/special case if it is the tested point.
latex-project/content/split_algebra/algebra_2017.tex,2017,algebra,4,SOURCE_ALIGN_RISK,,Verify against individual/team/year source PDF; do not rewrite if OCR/source is uncertain.
latex-project/content/split_algebra/algebra_2017.tex,2017,algebra,5,THEOREM_DEP+SOURCE_ALIGN_RISK,Frobenius,Classify dependency as allowed prerequisite or expand proof/special case if it is the tested point.
latex-project/content/split_algebra/algebra_2017.tex,2017,algebra,6,THEOREM_DEP+SOURCE_ALIGN_RISK,source,Classify dependency as allowed prerequisite or expand proof/special case if it is the tested point.
latex-project/content/split_algebra/algebra_2017.tex,2017,algebra,7,THEOREM_DEP+SOURCE_ALIGN_RISK,,Classify dependency as allowed prerequisite or expand proof/special case if it is the tested point.
latex-project/content/split_algebra/algebra_2017.tex,2017,algebra,8,SOURCE_ALIGN_RISK,,Verify against individual/team/year source PDF; do not rewrite if OCR/source is uncertain.
latex-project/content/split_algebra/algebra_2017.tex,2017,algebra,9,THEOREM_DEP+SOURCE_ALIGN_RISK,"Eisenstein, Galois",Classify dependency as allowed prerequisite or expand proof/special case if it is the tested point.
latex-project/content/split_algebra/algebra_2017.tex,2017,algebra,10,THEOREM_DEP+SOURCE_ALIGN_RISK,Frobenius,Classify dependency as allowed prerequisite or expand proof/special case if it is the tested point.
latex-project/content/split_algebra/algebra_2018.tex,2018,algebra,1,THEOREM_DEP+SOURCE_ALIGN_RISK,,Classify dependency as allowed prerequisite or expand proof/special case if it is the tested point.
latex-project/content/split_algebra/algebra_2018.tex,2018,algebra,2,THEOREM_DEP+SOURCE_ALIGN_RISK,"Eisenstein, Galois",Classify dependency as allowed prerequisite or expand proof/special case if it is the tested point.
latex-project/content/split_algebra/algebra_2018.tex,2018,algebra,3,THEOREM_DEP+SOURCE_ALIGN_RISK,Sylow,Classify dependency as allowed prerequisite or expand proof/special case if it is the tested point.
latex-project/content/split_algebra/algebra_2018.tex,2018,algebra,4,SOURCE_ALIGN_RISK,,Verify against individual/team/year source PDF; do not rewrite if OCR/source is uncertain.
latex-project/content/split_algebra/algebra_2018.tex,2018,algebra,5,SOURCE_ALIGN_RISK,,Verify against individual/team/year source PDF; do not rewrite if OCR/source is uncertain.
latex-project/content/split_algebra/algebra_2018.tex,2018,algebra,6,THEOREM_DEP+SOURCE_ALIGN_RISK,,Classify dependency as allowed prerequisite or expand proof/special case if it is the tested point.
latex-project/content/split_algebra/algebra_2018.tex,2018,algebra,7,THEOREM_DEP+SOURCE_ALIGN_RISK,Kummer,Classify dependency as allowed prerequisite or expand proof/special case if it is the tested point.
latex-project/content/split_algebra/algebra_2018.tex,2018,algebra,8,THEOREM_DEP+SOURCE_ALIGN_RISK,Frobenius,Classify dependency as allowed prerequisite or expand proof/special case if it is the tested point.
latex-project/content/split_algebra/algebra_2018.tex,2018,algebra,9,THEOREM_DEP+SOURCE_ALIGN_RISK,Galois,Classify dependency as allowed prerequisite or expand proof/special case if it is the tested point.
latex-project/content/split_algebra/algebra_2018.tex,2018,algebra,10,SOURCE_ALIGN_RISK,,Verify against individual/team/year source PDF; do not rewrite if OCR/source is uncertain.
latex-project/content/split_algebra/algebra_2019.tex,2019,algebra,1,THEOREM_DEP,representation theory,Classify dependency as allowed prerequisite or expand proof/special case if it is the tested point.
latex-project/content/split_algebra/algebra_2019.tex,2019,algebra,2,THEOREM_DEP,Galois,Classify dependency as allowed prerequisite or expand proof/special case if it is the tested point.
latex-project/content/split_algebra/algebra_2019.tex,2019,algebra,3,OK,,No action unless subject reviewer finds a mathematical gap.
latex-project/content/split_algebra/algebra_2019.tex,2019,algebra,4,THEOREM_DEP,Jordan normal form,Classify dependency as allowed prerequisite or expand proof/special case if it is the tested point.
latex-project/content/split_algebra/algebra_2019.tex,2019,algebra,5,THEOREM_DEP,Frobenius,Classify dependency as allowed prerequisite or expand proof/special case if it is the tested point.
latex-project/content/split_algebra/algebra_2019.tex,2019,algebra,6,OK,,No action unless subject reviewer finds a mathematical gap.
latex-project/content/split_algebra/algebra_2019.tex,2019,algebra,7,THEOREM_DEP,representation theory,Classify dependency as allowed prerequisite or expand proof/special case if it is the tested point.
latex-project/content/split_algebra/algebra_2019.tex,2019,algebra,8,OK,,No action unless subject reviewer finds a mathematical gap.
latex-project/content/split_algebra/algebra_2019.tex,2019,algebra,9,THEOREM_DEP,Galois,Classify dependency as allowed prerequisite or expand proof/special case if it is the tested point.
latex-project/content/split_algebra/algebra_2019.tex,2019,algebra,10,THEOREM_DEP,Galois,Classify dependency as allowed prerequisite or expand proof/special case if it is the tested point.
latex-project/content/split_algebra/algebra_2020.tex,2020,algebra,1,THEOREM_DEP,,Classify dependency as allowed prerequisite or expand proof/special case if it is the tested point.
latex-project/content/split_algebra/algebra_2020.tex,2020,algebra,2,OK,,No action unless subject reviewer finds a mathematical gap.
latex-project/content/split_algebra/algebra_2020.tex,2020,algebra,3,OK,,No action unless subject reviewer finds a mathematical gap.
latex-project/content/split_algebra/algebra_2020.tex,2020,algebra,4,THEOREM_DEP,Eisenstein,Classify dependency as allowed prerequisite or expand proof/special case if it is the tested point.
latex-project/content/split_algebra/algebra_2020.tex,2020,algebra,5,THEOREM_DEP,,Classify dependency as allowed prerequisite or expand proof/special case if it is the tested point.
latex-project/content/split_algebra/algebra_2020.tex,2020,algebra,6,OK,,No action unless subject reviewer finds a mathematical gap.
latex-project/content/split_algebra/algebra_2021.tex,2021,algebra,1,THEOREM_DEP,"Frobenius, Galois",Classify dependency as allowed prerequisite or expand proof/special case if it is the tested point.
latex-project/content/split_algebra/algebra_2021.tex,2021,algebra,2,THEOREM_DEP,Galois,Classify dependency as allowed prerequisite or expand proof/special case if it is the tested point.
latex-project/content/split_algebra/algebra_2021.tex,2021,algebra,3,OK,,No action unless subject reviewer finds a mathematical gap.
latex-project/content/split_algebra/algebra_2021.tex,2021,algebra,4,STATEMENT_RISK+THEOREM_DEP,"Galois, false",Keep original statement; add counterexample/missing-hypothesis note and prove corrected intended version.
latex-project/content/split_algebra/algebra_2021.tex,2021,algebra,5,THEOREM_DEP+SOURCE_ALIGN_RISK,individual,Classify dependency as allowed prerequisite or expand proof/special case if it is the tested point.
latex-project/content/split_algebra/algebra_2021.tex,2021,algebra,6,OK,,No action unless subject reviewer finds a mathematical gap.
latex-project/content/split_algebra/algebra_2022.tex,2022,algebra,1,THEOREM_DEP+SOURCE_ALIGN_RISK,individual,Classify dependency as allowed prerequisite or expand proof/special case if it is the tested point.
latex-project/content/split_algebra/algebra_2022.tex,2022,algebra,2,OK,,No action unless subject reviewer finds a mathematical gap.
latex-project/content/split_algebra/algebra_2022.tex,2022,algebra,3,OK,,No action unless subject reviewer finds a mathematical gap.
latex-project/content/split_algebra/algebra_2022.tex,2022,algebra,4,OK,,No action unless subject reviewer finds a mathematical gap.
latex-project/content/split_algebra/algebra_2022.tex,2022,algebra,5,THEOREM_DEP,Eisenstein,Classify dependency as allowed prerequisite or expand proof/special case if it is the tested point.
latex-project/content/split_algebra/algebra_2022.tex,2022,algebra,6,THEOREM_DEP,,Classify dependency as allowed prerequisite or expand proof/special case if it is the tested point.
latex-project/content/split_algebra/algebra_2023.tex,2023,algebra,1,THEOREM_DEP+SOURCE_ALIGN_RISK,,Classify dependency as allowed prerequisite or expand proof/special case if it is the tested point.
latex-project/content/split_algebra/algebra_2023.tex,2023,algebra,2,SOURCE_ALIGN_RISK,,Verify against individual/team/year source PDF; do not rewrite if OCR/source is uncertain.
latex-project/content/split_algebra/algebra_2023.tex,2023,algebra,3,THEOREM_DEP+SOURCE_ALIGN_RISK,Galois,Classify dependency as allowed prerequisite or expand proof/special case if it is the tested point.
latex-project/content/split_algebra/algebra_2023.tex,2023,algebra,4,THEOREM_DEP+SOURCE_ALIGN_RISK,commutative algebra,Classify dependency as allowed prerequisite or expand proof/special case if it is the tested point.
latex-project/content/split_algebra/algebra_2023.tex,2023,algebra,5,THEOREM_DEP+SOURCE_ALIGN_RISK,Jordan normal form,Classify dependency as allowed prerequisite or expand proof/special case if it is the tested point.
latex-project/content/split_algebra/algebra_2023.tex,2023,algebra,6,SOURCE_ALIGN_RISK,,Verify against individual/team/year source PDF; do not rewrite if OCR/source is uncertain.
latex-project/content/split_algebra/algebra_2024.tex,2024,algebra,1,THEOREM_DEP,structure theorem,Classify dependency as allowed prerequisite or expand proof/special case if it is the tested point.
latex-project/content/split_algebra/algebra_2024.tex,2024,algebra,2,THEOREM_DEP,"Smith, Smith Normal Form",Classify dependency as allowed prerequisite or expand proof/special case if it is the tested point.
latex-project/content/split_algebra/algebra_2024.tex,2024,algebra,3,THEOREM_DEP,,Classify dependency as allowed prerequisite or expand proof/special case if it is the tested point.
latex-project/content/split_algebra/algebra_2024.tex,2024,algebra,4,OK,,No action unless subject reviewer finds a mathematical gap.
latex-project/content/split_algebra/algebra_2024.tex,2024,algebra,5,THEOREM_DEP,,Classify dependency as allowed prerequisite or expand proof/special case if it is the tested point.
latex-project/content/split_algebra/algebra_2024.tex,2024,algebra,6,THEOREM_DEP,Frobenius,Classify dependency as allowed prerequisite or expand proof/special case if it is the tested point.
latex-project/content/split_algebra/algebra_2025.tex,2025,algebra,1,THEOREM_DEP,"Galois, Kummer",Classify dependency as allowed prerequisite or expand proof/special case if it is the tested point.
latex-project/content/split_algebra/algebra_2025.tex,2025,algebra,2,THEOREM_DEP,"Frobenius, representation theory",Classify dependency as allowed prerequisite or expand proof/special case if it is the tested point.
latex-project/content/split_algebra/algebra_2025.tex,2025,algebra,3,OK,,No action unless subject reviewer finds a mathematical gap.
latex-project/content/split_algebra/algebra_2025.tex,2025,algebra,4,THEOREM_DEP,Galois,Classify dependency as allowed prerequisite or expand proof/special case if it is the tested point.
latex-project/content/split_algebra/algebra_2025.tex,2025,algebra,5,THEOREM_DEP,Galois,Classify dependency as allowed prerequisite or expand proof/special case if it is the tested point.
latex-project/content/split_algebra/algebra_2026.tex,2026,algebra,1,THEOREM_DEP,,Classify dependency as allowed prerequisite or expand proof/special case if it is the tested point.
latex-project/content/split_algebra/algebra_2026.tex,2026,algebra,2,OK,,No action unless subject reviewer finds a mathematical gap.
latex-project/content/split_algebra/algebra_2026.tex,2026,algebra,3,OK,,No action unless subject reviewer finds a mathematical gap.
latex-project/content/split_algebra/algebra_2026.tex,2026,algebra,4,THEOREM_DEP,Eisenstein,Classify dependency as allowed prerequisite or expand proof/special case if it is the tested point.
latex-project/content/split_algebra/algebra_2026.tex,2026,algebra,5,THEOREM_DEP,"Eisenstein, Galois, Kummer",Classify dependency as allowed prerequisite or expand proof/special case if it is the tested point.
latex-project/content/split_analysis/analysis_2010.tex,2010,analysis,1,THEOREM_DEP,,Classify dependency as allowed prerequisite or expand proof/special case if it is the tested point.
latex-project/content/split_analysis/analysis_2010.tex,2010,analysis,2,OK,,No action unless subject reviewer finds a mathematical gap.
latex-project/content/split_analysis/analysis_2010.tex,2010,analysis,3,OK,,No action unless subject reviewer finds a mathematical gap.
latex-project/content/split_analysis/analysis_2010.tex,2010,analysis,4,OK,,No action unless subject reviewer finds a mathematical gap.
latex-project/content/split_analysis/analysis_2010.tex,2010,analysis,5,OK,,No action unless subject reviewer finds a mathematical gap.
latex-project/content/split_analysis/analysis_2010.tex,2010,analysis,6,OK,,No action unless subject reviewer finds a mathematical gap.
latex-project/content/split_analysis/analysis_2010.tex,2010,analysis,7,THEOREM_DEP,,Classify dependency as allowed prerequisite or expand proof/special case if it is the tested point.
latex-project/content/split_analysis/analysis_2010.tex,2010,analysis,8,OK,,No action unless subject reviewer finds a mathematical gap.
latex-project/content/split_analysis/analysis_2010.tex,2010,analysis,9,THEOREM_DEP,,Classify dependency as allowed prerequisite or expand proof/special case if it is the tested point.
latex-project/content/split_analysis/analysis_2010.tex,2010,analysis,10,OK,,No action unless subject reviewer finds a mathematical gap.
latex-project/content/split_analysis/analysis_2010.tex,2010,analysis,11,THEOREM_DEP,,Classify dependency as allowed prerequisite or expand proof/special case if it is the tested point.
latex-project/content/split_analysis/analysis_2010.tex,2010,analysis,12,THEOREM_DEP,,Classify dependency as allowed prerequisite or expand proof/special case if it is the tested point.
latex-project/content/split_analysis/analysis_2011.tex,2011,analysis,1,THEOREM_DEP,,Classify dependency as allowed prerequisite or expand proof/special case if it is the tested point.
latex-project/content/split_analysis/analysis_2011.tex,2011,analysis,2,OK,,No action unless subject reviewer finds a mathematical gap.
latex-project/content/split_analysis/analysis_2011.tex,2011,analysis,3,OK,,No action unless subject reviewer finds a mathematical gap.
latex-project/content/split_analysis/analysis_2011.tex,2011,analysis,4,THEOREM_DEP,,Classify dependency as allowed prerequisite or expand proof/special case if it is the tested point.
latex-project/content/split_analysis/analysis_2011.tex,2011,analysis,5,THEOREM_DEP,,Classify dependency as allowed prerequisite or expand proof/special case if it is the tested point.
latex-project/content/split_analysis/analysis_2011.tex,2011,analysis,6,THEOREM_DEP+SOURCE_ALIGN_RISK,individual,Classify dependency as allowed prerequisite or expand proof/special case if it is the tested point.
latex-project/content/split_analysis/analysis_2011.tex,2011,analysis,7,THEOREM_DEP,,Classify dependency as allowed prerequisite or expand proof/special case if it is the tested point.
latex-project/content/split_analysis/analysis_2011.tex,2011,analysis,8,OK,,No action unless subject reviewer finds a mathematical gap.
latex-project/content/split_analysis/analysis_2011.tex,2011,analysis,9,OK,,No action unless subject reviewer finds a mathematical gap.
latex-project/content/split_analysis/analysis_2011.tex,2011,analysis,10,THEOREM_DEP,Borel-Cantelli,Classify dependency as allowed prerequisite or expand proof/special case if it is the tested point.
latex-project/content/split_analysis/analysis_2011.tex,2011,analysis,11,STATEMENT_RISK+THEOREM_DEP,counterexample,Keep original statement; add counterexample/missing-hypothesis note and prove corrected intended version.
latex-project/content/split_analysis/analysis_2011.tex,2011,analysis,12,THEOREM_DEP,,Classify dependency as allowed prerequisite or expand proof/special case if it is the tested point.
latex-project/content/split_analysis/analysis_2012.tex,2012,analysis,1,THEOREM_DEP,,Classify dependency as allowed prerequisite or expand proof/special case if it is the tested point.
latex-project/content/split_analysis/analysis_2012.tex,2012,analysis,2,THEOREM_DEP,pinch,Classify dependency as allowed prerequisite or expand proof/special case if it is the tested point.
latex-project/content/split_analysis/analysis_2012.tex,2012,analysis,3,OK,,No action unless subject reviewer finds a mathematical gap.
latex-project/content/split_analysis/analysis_2012.tex,2012,analysis,4,THEOREM_DEP,,Classify dependency as allowed prerequisite or expand proof/special case if it is the tested point.
latex-project/content/split_analysis/analysis_2012.tex,2012,analysis,5,OK,,No action unless subject reviewer finds a mathematical gap.
latex-project/content/split_analysis/analysis_2012.tex,2012,analysis,6,THEOREM_DEP,,Classify dependency as allowed prerequisite or expand proof/special case if it is the tested point.
latex-project/content/split_analysis/analysis_2012.tex,2012,analysis,7,OK,,No action unless subject reviewer finds a mathematical gap.
latex-project/content/split_analysis/analysis_2012.tex,2012,analysis,8,THEOREM_DEP,Riemann Mapping,Classify dependency as allowed prerequisite or expand proof/special case if it is the tested point.
latex-project/content/split_analysis/analysis_2012.tex,2012,analysis,9,OK,,No action unless subject reviewer finds a mathematical gap.
latex-project/content/split_analysis/analysis_2012.tex,2012,analysis,10,THEOREM_DEP,,Classify dependency as allowed prerequisite or expand proof/special case if it is the tested point.
latex-project/content/split_analysis/analysis_2012.tex,2012,analysis,11,THEOREM_DEP,,Classify dependency as allowed prerequisite or expand proof/special case if it is the tested point.
latex-project/content/split_analysis/analysis_2012.tex,2012,analysis,12,OK,,No action unless subject reviewer finds a mathematical gap.
latex-project/content/split_analysis/analysis_2013.tex,2013,analysis,1,THEOREM_DEP+SOURCE_ALIGN_RISK,,Classify dependency as allowed prerequisite or expand proof/special case if it is the tested point.
latex-project/content/split_analysis/analysis_2013.tex,2013,analysis,2,THEOREM_DEP+SOURCE_ALIGN_RISK,,Classify dependency as allowed prerequisite or expand proof/special case if it is the tested point.
latex-project/content/split_analysis/analysis_2013.tex,2013,analysis,3,SOURCE_ALIGN_RISK,,Verify against individual/team/year source PDF; do not rewrite if OCR/source is uncertain.
latex-project/content/split_analysis/analysis_2013.tex,2013,analysis,4,THEOREM_DEP+SOURCE_ALIGN_RISK,,Classify dependency as allowed prerequisite or expand proof/special case if it is the tested point.
latex-project/content/split_analysis/analysis_2013.tex,2013,analysis,5,SOURCE_ALIGN_RISK,,Verify against individual/team/year source PDF; do not rewrite if OCR/source is uncertain.
latex-project/content/split_analysis/analysis_2013.tex,2013,analysis,6,SOURCE_ALIGN_RISK,,Verify against individual/team/year source PDF; do not rewrite if OCR/source is uncertain.
latex-project/content/split_analysis/analysis_2013.tex,2013,analysis,7,THEOREM_DEP+SOURCE_ALIGN_RISK,,Classify dependency as allowed prerequisite or expand proof/special case if it is the tested point.
latex-project/content/split_analysis/analysis_2013.tex,2013,analysis,8,SOURCE_ALIGN_RISK,,Verify against individual/team/year source PDF; do not rewrite if OCR/source is uncertain.
latex-project/content/split_analysis/analysis_2013.tex,2013,analysis,9,SOURCE_ALIGN_RISK,,Verify against individual/team/year source PDF; do not rewrite if OCR/source is uncertain.
latex-project/content/split_analysis/analysis_2013.tex,2013,analysis,10,THEOREM_DEP+SOURCE_ALIGN_RISK,source,Classify dependency as allowed prerequisite or expand proof/special case if it is the tested point.
latex-project/content/split_analysis/analysis_2013.tex,2013,analysis,11,THEOREM_DEP+SOURCE_ALIGN_RISK,spectral theorem,Classify dependency as allowed prerequisite or expand proof/special case if it is the tested point.
latex-project/content/split_analysis/analysis_2013.tex,2013,analysis,12,SOURCE_ALIGN_RISK,,Verify against individual/team/year source PDF; do not rewrite if OCR/source is uncertain.
latex-project/content/split_analysis/analysis_2014.tex,2014,analysis,1,OK,,No action unless subject reviewer finds a mathematical gap.
latex-project/content/split_analysis/analysis_2014.tex,2014,analysis,2,OK,,No action unless subject reviewer finds a mathematical gap.
latex-project/content/split_analysis/analysis_2014.tex,2014,analysis,3,THEOREM_DEP,,Classify dependency as allowed prerequisite or expand proof/special case if it is the tested point.
latex-project/content/split_analysis/analysis_2014.tex,2014,analysis,4,OK,,No action unless subject reviewer finds a mathematical gap.
latex-project/content/split_analysis/analysis_2014.tex,2014,analysis,5,THEOREM_DEP,,Classify dependency as allowed prerequisite or expand proof/special case if it is the tested point.
latex-project/content/split_analysis/analysis_2014.tex,2014,analysis,6,THEOREM_DEP,,Classify dependency as allowed prerequisite or expand proof/special case if it is the tested point.
latex-project/content/split_analysis/analysis_2014.tex,2014,analysis,7,OK,,No action unless subject reviewer finds a mathematical gap.
latex-project/content/split_analysis/analysis_2014.tex,2014,analysis,8,OK,,No action unless subject reviewer finds a mathematical gap.
latex-project/content/split_analysis/analysis_2014.tex,2014,analysis,9,STATEMENT_RISK+THEOREM_DEP,false,Keep original statement; add counterexample/missing-hypothesis note and prove corrected intended version.
latex-project/content/split_analysis/analysis_2014.tex,2014,analysis,10,THEOREM_DEP,Poincaré,Classify dependency as allowed prerequisite or expand proof/special case if it is the tested point.
latex-project/content/split_analysis/analysis_2014.tex,2014,analysis,11,THEOREM_DEP,maximum principle,Classify dependency as allowed prerequisite or expand proof/special case if it is the tested point.
latex-project/content/split_analysis/analysis_2014.tex,2014,analysis,12,THEOREM_DEP,,Classify dependency as allowed prerequisite or expand proof/special case if it is the tested point.
latex-project/content/split_analysis/analysis_2015.tex,2015,analysis,1,THEOREM_DEP,,Classify dependency as allowed prerequisite or expand proof/special case if it is the tested point.
latex-project/content/split_analysis/analysis_2015.tex,2015,analysis,2,THEOREM_DEP,,Classify dependency as allowed prerequisite or expand proof/special case if it is the tested point.
latex-project/content/split_analysis/analysis_2015.tex,2015,analysis,3,THEOREM_DEP,,Classify dependency as allowed prerequisite or expand proof/special case if it is the tested point.
latex-project/content/split_analysis/analysis_2015.tex,2015,analysis,4,THEOREM_DEP,maximum principle,Classify dependency as allowed prerequisite or expand proof/special case if it is the tested point.
latex-project/content/split_analysis/analysis_2015.tex,2015,analysis,5,THEOREM_DEP+SOURCE_ALIGN_RISK,"Fredholm, individual",Classify dependency as allowed prerequisite or expand proof/special case if it is the tested point.
latex-project/content/split_analysis/analysis_2015.tex,2015,analysis,6,THEOREM_DEP,Sobolev embedding,Classify dependency as allowed prerequisite or expand proof/special case if it is the tested point.
latex-project/content/split_analysis/analysis_2015.tex,2015,analysis,7,STATEMENT_RISK+THEOREM_DEP,false,Keep original statement; add counterexample/missing-hypothesis note and prove corrected intended version.
latex-project/content/split_analysis/analysis_2015.tex,2015,analysis,8,OK,,No action unless subject reviewer finds a mathematical gap.
latex-project/content/split_analysis/analysis_2015.tex,2015,analysis,9,THEOREM_DEP,,Classify dependency as allowed prerequisite or expand proof/special case if it is the tested point.
latex-project/content/split_analysis/analysis_2015.tex,2015,analysis,10,OK,,No action unless subject reviewer finds a mathematical gap.
latex-project/content/split_analysis/analysis_2015.tex,2015,analysis,11,STATEMENT_RISK+THEOREM_DEP,"Fredholm, false",Keep original statement; add counterexample/missing-hypothesis note and prove corrected intended version.
latex-project/content/split_analysis/analysis_2015.tex,2015,analysis,12,THEOREM_DEP,"Poincaré, source",Classify dependency as allowed prerequisite or expand proof/special case if it is the tested point.
latex-project/content/split_analysis/analysis_2016.tex,2016,analysis,1,THEOREM_DEP+SOURCE_ALIGN_RISK,,Classify dependency as allowed prerequisite or expand proof/special case if it is the tested point.
latex-project/content/split_analysis/analysis_2016.tex,2016,analysis,2,THEOREM_DEP+SOURCE_ALIGN_RISK,,Classify dependency as allowed prerequisite or expand proof/special case if it is the tested point.
latex-project/content/split_analysis/analysis_2016.tex,2016,analysis,3,SOURCE_ALIGN_RISK,,Verify against individual/team/year source PDF; do not rewrite if OCR/source is uncertain.
latex-project/content/split_analysis/analysis_2016.tex,2016,analysis,4,THEOREM_DEP+SOURCE_ALIGN_RISK,,Classify dependency as allowed prerequisite or expand proof/special case if it is the tested point.
latex-project/content/split_analysis/analysis_2016.tex,2016,analysis,5,SOURCE_ALIGN_RISK,,Verify against individual/team/year source PDF; do not rewrite if OCR/source is uncertain.
latex-project/content/split_analysis/analysis_2016.tex,2016,analysis,6,SOURCE_ALIGN_RISK,,Verify against individual/team/year source PDF; do not rewrite if OCR/source is uncertain.
latex-project/content/split_analysis/analysis_2016.tex,2016,analysis,7,THEOREM_DEP+SOURCE_ALIGN_RISK,,Classify dependency as allowed prerequisite or expand proof/special case if it is the tested point.
latex-project/content/split_analysis/analysis_2016.tex,2016,analysis,8,THEOREM_DEP+SOURCE_ALIGN_RISK,,Classify dependency as allowed prerequisite or expand proof/special case if it is the tested point.
latex-project/content/split_analysis/analysis_2016.tex,2016,analysis,9,THEOREM_DEP+SOURCE_ALIGN_RISK,,Classify dependency as allowed prerequisite or expand proof/special case if it is the tested point.
latex-project/content/split_analysis/analysis_2016.tex,2016,analysis,10,SOURCE_ALIGN_RISK,,Verify against individual/team/year source PDF; do not rewrite if OCR/source is uncertain.
latex-project/content/split_analysis/analysis_2016.tex,2016,analysis,11,STATEMENT_RISK+THEOREM_DEP+SOURCE_ALIGN_RISK,false,Keep original statement; add counterexample/missing-hypothesis note and prove corrected intended version.
latex-project/content/split_analysis/analysis_2016.tex,2016,analysis,12,SOURCE_ALIGN_RISK,,Verify against individual/team/year source PDF; do not rewrite if OCR/source is uncertain.
latex-project/content/split_analysis/analysis_2017.tex,2017,analysis,1,THEOREM_DEP+SOURCE_ALIGN_RISK,,Classify dependency as allowed prerequisite or expand proof/special case if it is the tested point.
latex-project/content/split_analysis/analysis_2017.tex,2017,analysis,2,STATEMENT_RISK+THEOREM_DEP+SOURCE_ALIGN_RISK,counterexample,Keep original statement; add counterexample/missing-hypothesis note and prove corrected intended version.
latex-project/content/split_analysis/analysis_2017.tex,2017,analysis,3,THEOREM_DEP+SOURCE_ALIGN_RISK,,Classify dependency as allowed prerequisite or expand proof/special case if it is the tested point.
latex-project/content/split_analysis/analysis_2017.tex,2017,analysis,4,SOURCE_ALIGN_RISK,,Verify against individual/team/year source PDF; do not rewrite if OCR/source is uncertain.
latex-project/content/split_analysis/analysis_2017.tex,2017,analysis,5,SOURCE_ALIGN_RISK,,Verify against individual/team/year source PDF; do not rewrite if OCR/source is uncertain.
latex-project/content/split_analysis/analysis_2017.tex,2017,analysis,6,SOURCE_ALIGN_RISK,,Verify against individual/team/year source PDF; do not rewrite if OCR/source is uncertain.
latex-project/content/split_analysis/analysis_2017.tex,2017,analysis,7,SOURCE_ALIGN_RISK,,Verify against individual/team/year source PDF; do not rewrite if OCR/source is uncertain.
latex-project/content/split_analysis/analysis_2017.tex,2017,analysis,8,THEOREM_DEP+SOURCE_ALIGN_RISK,,Classify dependency as allowed prerequisite or expand proof/special case if it is the tested point.
latex-project/content/split_analysis/analysis_2017.tex,2017,analysis,9,SOURCE_ALIGN_RISK,,Verify against individual/team/year source PDF; do not rewrite if OCR/source is uncertain.
latex-project/content/split_analysis/analysis_2017.tex,2017,analysis,10,SOURCE_ALIGN_RISK,,Verify against individual/team/year source PDF; do not rewrite if OCR/source is uncertain.
latex-project/content/split_analysis/analysis_2017.tex,2017,analysis,11,SOURCE_ALIGN_RISK,,Verify against individual/team/year source PDF; do not rewrite if OCR/source is uncertain.
latex-project/content/split_analysis/analysis_2017.tex,2017,analysis,12,SOURCE_ALIGN_RISK,,Verify against individual/team/year source PDF; do not rewrite if OCR/source is uncertain.
latex-project/content/split_analysis/analysis_2018.tex,2018,analysis,1,SOURCE_ALIGN_RISK,,Verify against individual/team/year source PDF; do not rewrite if OCR/source is uncertain.
latex-project/content/split_analysis/analysis_2018.tex,2018,analysis,2,STATEMENT_RISK+THEOREM_DEP+SOURCE_ALIGN_RISK,false,Keep original statement; add counterexample/missing-hypothesis note and prove corrected intended version.
latex-project/content/split_analysis/analysis_2018.tex,2018,analysis,3,THEOREM_DEP+SOURCE_ALIGN_RISK,,Classify dependency as allowed prerequisite or expand proof/special case if it is the tested point.
latex-project/content/split_analysis/analysis_2018.tex,2018,analysis,4,STATEMENT_RISK+THEOREM_DEP+SOURCE_ALIGN_RISK,counterexample,Keep original statement; add counterexample/missing-hypothesis note and prove corrected intended version.
latex-project/content/split_analysis/analysis_2018.tex,2018,analysis,5,THEOREM_DEP+SOURCE_ALIGN_RISK,source,Classify dependency as allowed prerequisite or expand proof/special case if it is the tested point.
latex-project/content/split_analysis/analysis_2018.tex,2018,analysis,6,SOURCE_ALIGN_RISK,,Verify against individual/team/year source PDF; do not rewrite if OCR/source is uncertain.
latex-project/content/split_analysis/analysis_2018.tex,2018,analysis,7,THEOREM_DEP+SOURCE_ALIGN_RISK,Borel-Cantelli,Classify dependency as allowed prerequisite or expand proof/special case if it is the tested point.
latex-project/content/split_analysis/analysis_2018.tex,2018,analysis,8,THEOREM_DEP+SOURCE_ALIGN_RISK,,Classify dependency as allowed prerequisite or expand proof/special case if it is the tested point.
latex-project/content/split_analysis/analysis_2018.tex,2018,analysis,9,THEOREM_DEP+SOURCE_ALIGN_RISK,Hardy,Classify dependency as allowed prerequisite or expand proof/special case if it is the tested point.
latex-project/content/split_analysis/analysis_2018.tex,2018,analysis,10,SOURCE_ALIGN_RISK,,Verify against individual/team/year source PDF; do not rewrite if OCR/source is uncertain.
latex-project/content/split_analysis/analysis_2018.tex,2018,analysis,11,THEOREM_DEP+SOURCE_ALIGN_RISK,Riemann Mapping,Classify dependency as allowed prerequisite or expand proof/special case if it is the tested point.
latex-project/content/split_analysis/analysis_2019.tex,2019,analysis,1,THEOREM_DEP,,Classify dependency as allowed prerequisite or expand proof/special case if it is the tested point.
latex-project/content/split_analysis/analysis_2019.tex,2019,analysis,2,THEOREM_DEP,,Classify dependency as allowed prerequisite or expand proof/special case if it is the tested point.
latex-project/content/split_analysis/analysis_2019.tex,2019,analysis,3,OK,,No action unless subject reviewer finds a mathematical gap.
latex-project/content/split_analysis/analysis_2019.tex,2019,analysis,4,THEOREM_DEP,,Classify dependency as allowed prerequisite or expand proof/special case if it is the tested point.
latex-project/content/split_analysis/analysis_2019.tex,2019,analysis,5,THEOREM_DEP,"Poincaré, Sobolev embedding",Classify dependency as allowed prerequisite or expand proof/special case if it is the tested point.
latex-project/content/split_analysis/analysis_2019.tex,2019,analysis,6,THEOREM_DEP,,Classify dependency as allowed prerequisite or expand proof/special case if it is the tested point.
latex-project/content/split_analysis/analysis_2019.tex,2019,analysis,7,OK,,No action unless subject reviewer finds a mathematical gap.
latex-project/content/split_analysis/analysis_2019.tex,2019,analysis,8,OK,,No action unless subject reviewer finds a mathematical gap.
latex-project/content/split_analysis/analysis_2019.tex,2019,analysis,9,THEOREM_DEP,,Classify dependency as allowed prerequisite or expand proof/special case if it is the tested point.
latex-project/content/split_analysis/analysis_2019.tex,2019,analysis,10,OK,,No action unless subject reviewer finds a mathematical gap.
latex-project/content/split_analysis/analysis_2020.tex,2020,analysis,1,THEOREM_DEP,,Classify dependency as allowed prerequisite or expand proof/special case if it is the tested point.
latex-project/content/split_analysis/analysis_2020.tex,2020,analysis,2,THEOREM_DEP,,Classify dependency as allowed prerequisite or expand proof/special case if it is the tested point.
latex-project/content/split_analysis/analysis_2020.tex,2020,analysis,3,THEOREM_DEP,Sobolev embedding,Classify dependency as allowed prerequisite or expand proof/special case if it is the tested point.
latex-project/content/split_analysis/analysis_2020.tex,2020,analysis,4,THEOREM_DEP,Uniformization,Classify dependency as allowed prerequisite or expand proof/special case if it is the tested point.
latex-project/content/split_analysis/analysis_2020.tex,2020,analysis,5,OK,,No action unless subject reviewer finds a mathematical gap.
latex-project/content/split_analysis/analysis_2020.tex,2020,analysis,6,OK,,No action unless subject reviewer finds a mathematical gap.
latex-project/content/split_analysis/analysis_2021.tex,2021,analysis,1,OK,,No action unless subject reviewer finds a mathematical gap.
latex-project/content/split_analysis/analysis_2021.tex,2021,analysis,2,OK,,No action unless subject reviewer finds a mathematical gap.
latex-project/content/split_analysis/analysis_2021.tex,2021,analysis,3,THEOREM_DEP,,Classify dependency as allowed prerequisite or expand proof/special case if it is the tested point.
latex-project/content/split_analysis/analysis_2021.tex,2021,analysis,4,THEOREM_DEP,,Classify dependency as allowed prerequisite or expand proof/special case if it is the tested point.
latex-project/content/split_analysis/analysis_2021.tex,2021,analysis,5,OK,,No action unless subject reviewer finds a mathematical gap.
latex-project/content/split_analysis/analysis_2021.tex,2021,analysis,6,THEOREM_DEP,Poincaré,Classify dependency as allowed prerequisite or expand proof/special case if it is the tested point.
latex-project/content/split_analysis/analysis_2022.tex,2022,analysis,1,THEOREM_DEP,,Classify dependency as allowed prerequisite or expand proof/special case if it is the tested point.
latex-project/content/split_analysis/analysis_2022.tex,2022,analysis,2,STATEMENT_RISK+THEOREM_DEP,false,Keep original statement; add counterexample/missing-hypothesis note and prove corrected intended version.
latex-project/content/split_analysis/analysis_2022.tex,2022,analysis,3,OK,,No action unless subject reviewer finds a mathematical gap.
latex-project/content/split_analysis/analysis_2022.tex,2022,analysis,4,OK,,No action unless subject reviewer finds a mathematical gap.
latex-project/content/split_analysis/analysis_2022.tex,2022,analysis,5,THEOREM_DEP,maximum principle,Classify dependency as allowed prerequisite or expand proof/special case if it is the tested point.
latex-project/content/split_analysis/analysis_2022.tex,2022,analysis,6,THEOREM_DEP,Poincaré,Classify dependency as allowed prerequisite or expand proof/special case if it is the tested point.
latex-project/content/split_analysis/analysis_2023.tex,2023,analysis,1,THEOREM_DEP+SOURCE_ALIGN_RISK,,Classify dependency as allowed prerequisite or expand proof/special case if it is the tested point.
latex-project/content/split_analysis/analysis_2023.tex,2023,analysis,2,THEOREM_DEP+SOURCE_ALIGN_RISK,,Classify dependency as allowed prerequisite or expand proof/special case if it is the tested point.
latex-project/content/split_analysis/analysis_2023.tex,2023,analysis,3,SOURCE_ALIGN_RISK,,Verify against individual/team/year source PDF; do not rewrite if OCR/source is uncertain.
latex-project/content/split_analysis/analysis_2023.tex,2023,analysis,4,THEOREM_DEP+SOURCE_ALIGN_RISK,,Classify dependency as allowed prerequisite or expand proof/special case if it is the tested point.
latex-project/content/split_analysis/analysis_2023.tex,2023,analysis,5,THEOREM_DEP+SOURCE_ALIGN_RISK,,Classify dependency as allowed prerequisite or expand proof/special case if it is the tested point.
latex-project/content/split_analysis/analysis_2023.tex,2023,analysis,6,SOURCE_ALIGN_RISK,,Verify against individual/team/year source PDF; do not rewrite if OCR/source is uncertain.
latex-project/content/split_analysis/analysis_2024.tex,2024,analysis,1,OK,,No action unless subject reviewer finds a mathematical gap.
latex-project/content/split_analysis/analysis_2024.tex,2024,analysis,2,THEOREM_DEP,Fredholm,Classify dependency as allowed prerequisite or expand proof/special case if it is the tested point.
latex-project/content/split_analysis/analysis_2024.tex,2024,analysis,3,THEOREM_DEP+SOURCE_ALIGN_RISK,individual,Classify dependency as allowed prerequisite or expand proof/special case if it is the tested point.
latex-project/content/split_analysis/analysis_2024.tex,2024,analysis,4,THEOREM_DEP,,Classify dependency as allowed prerequisite or expand proof/special case if it is the tested point.
latex-project/content/split_analysis/analysis_2024.tex,2024,analysis,5,THEOREM_DEP,Bobylev,Classify dependency as allowed prerequisite or expand proof/special case if it is the tested point.
latex-project/content/split_analysis/analysis_2025.tex,2025,analysis,1,OK,,No action unless subject reviewer finds a mathematical gap.
latex-project/content/split_analysis/analysis_2025.tex,2025,analysis,2,THEOREM_DEP,Hardy,Classify dependency as allowed prerequisite or expand proof/special case if it is the tested point.
latex-project/content/split_analysis/analysis_2025.tex,2025,analysis,3,THEOREM_DEP,maximum principle,Classify dependency as allowed prerequisite or expand proof/special case if it is the tested point.
latex-project/content/split_analysis/analysis_2025.tex,2025,analysis,4,THEOREM_DEP,,Classify dependency as allowed prerequisite or expand proof/special case if it is the tested point.
latex-project/content/split_analysis/analysis_2025.tex,2025,analysis,5,OK,,No action unless subject reviewer finds a mathematical gap.
latex-project/content/split_analysis/analysis_2025.tex,2025,analysis,6,OK,,No action unless subject reviewer finds a mathematical gap.
latex-project/content/split_analysis/analysis_2026.tex,2026,analysis,1,OK,,No action unless subject reviewer finds a mathematical gap.
latex-project/content/split_analysis/analysis_2026.tex,2026,analysis,2,OK,,No action unless subject reviewer finds a mathematical gap.
latex-project/content/split_analysis/analysis_2026.tex,2026,analysis,3,THEOREM_DEP,,Classify dependency as allowed prerequisite or expand proof/special case if it is the tested point.
latex-project/content/split_analysis/analysis_2026.tex,2026,analysis,4,THEOREM_DEP,,Classify dependency as allowed prerequisite or expand proof/special case if it is the tested point.
latex-project/content/split_analysis/analysis_2026.tex,2026,analysis,5,THEOREM_DEP,,Classify dependency as allowed prerequisite or expand proof/special case if it is the tested point.
latex-project/content/split_applied/applied_2010.tex,2010,applied,1,OK,,No action unless subject reviewer finds a mathematical gap.
latex-project/content/split_applied/applied_2010.tex,2010,applied,2,OK,,No action unless subject reviewer finds a mathematical gap.
latex-project/content/split_applied/applied_2010.tex,2010,applied,3,OK,,No action unless subject reviewer finds a mathematical gap.
latex-project/content/split_applied/applied_2010.tex,2010,applied,4,THEOREM_DEP,Delta method,Classify dependency as allowed prerequisite or expand proof/special case if it is the tested point.
latex-project/content/split_applied/applied_2010.tex,2010,applied,5,OK,,No action unless subject reviewer finds a mathematical gap.
latex-project/content/split_applied/applied_2010.tex,2010,applied,6,THEOREM_DEP,spectral theorem,Classify dependency as allowed prerequisite or expand proof/special case if it is the tested point.
latex-project/content/split_applied/applied_2010.tex,2010,applied,7,THEOREM_DEP,"PDF, order statistics",Classify dependency as allowed prerequisite or expand proof/special case if it is the tested point.
latex-project/content/split_applied/applied_2010.tex,2010,applied,8,THEOREM_DEP,CLT,Classify dependency as allowed prerequisite or expand proof/special case if it is the tested point.
latex-project/content/split_applied/applied_2010.tex,2010,applied,9,THEOREM_DEP,minimax,Classify dependency as allowed prerequisite or expand proof/special case if it is the tested point.
latex-project/content/split_applied/applied_2010.tex,2010,applied,10,OK,,No action unless subject reviewer finds a mathematical gap.
latex-project/content/split_applied/applied_2010.tex,2010,applied,11,OK,,No action unless subject reviewer finds a mathematical gap.
latex-project/content/split_applied/applied_2010.tex,2010,applied,12,STATEMENT_RISK+THEOREM_DEP,counterexample,Keep original statement; add counterexample/missing-hypothesis note and prove corrected intended version.
latex-project/content/split_applied/applied_2011.tex,2011,applied,1,OK,,No action unless subject reviewer finds a mathematical gap.
latex-project/content/split_applied/applied_2011.tex,2011,applied,2,OK,,No action unless subject reviewer finds a mathematical gap.
latex-project/content/split_applied/applied_2011.tex,2011,applied,3,OK,,No action unless subject reviewer finds a mathematical gap.
latex-project/content/split_applied/applied_2011.tex,2011,applied,4,STATEMENT_RISK+THEOREM_DEP,not true,Keep original statement; add counterexample/missing-hypothesis note and prove corrected intended version.
latex-project/content/split_applied/applied_2011.tex,2011,applied,5,THEOREM_DEP,sufficient statistic,Classify dependency as allowed prerequisite or expand proof/special case if it is the tested point.
latex-project/content/split_applied/applied_2011.tex,2011,applied,6,OK,,No action unless subject reviewer finds a mathematical gap.
latex-project/content/split_applied/applied_2011.tex,2011,applied,7,OK,,No action unless subject reviewer finds a mathematical gap.
latex-project/content/split_applied/applied_2011.tex,2011,applied,8,OK,,No action unless subject reviewer finds a mathematical gap.
latex-project/content/split_applied/applied_2011.tex,2011,applied,9,THEOREM_DEP,PDF,Classify dependency as allowed prerequisite or expand proof/special case if it is the tested point.
latex-project/content/split_applied/applied_2011.tex,2011,applied,10,OK,,No action unless subject reviewer finds a mathematical gap.
latex-project/content/split_applied/applied_2011.tex,2011,applied,11,OK,,No action unless subject reviewer finds a mathematical gap.
latex-project/content/split_applied/applied_2011.tex,2011,applied,12,THEOREM_DEP,complete sufficient,Classify dependency as allowed prerequisite or expand proof/special case if it is the tested point.
latex-project/content/split_applied/applied_2012.tex,2012,applied,1,THEOREM_DEP,,Classify dependency as allowed prerequisite or expand proof/special case if it is the tested point.
latex-project/content/split_applied/applied_2012.tex,2012,applied,2,OK,,No action unless subject reviewer finds a mathematical gap.
latex-project/content/split_applied/applied_2012.tex,2012,applied,3,OK,,No action unless subject reviewer finds a mathematical gap.
latex-project/content/split_applied/applied_2012.tex,2012,applied,4,OK,,No action unless subject reviewer finds a mathematical gap.
latex-project/content/split_applied/applied_2012.tex,2012,applied,5,OK,,No action unless subject reviewer finds a mathematical gap.
latex-project/content/split_applied/applied_2012.tex,2012,applied,6,OK,,No action unless subject reviewer finds a mathematical gap.
latex-project/content/split_applied/applied_2012.tex,2012,applied,7,THEOREM_DEP,,Classify dependency as allowed prerequisite or expand proof/special case if it is the tested point.
latex-project/content/split_applied/applied_2012.tex,2012,applied,8,OK,,No action unless subject reviewer finds a mathematical gap.
latex-project/content/split_applied/applied_2012.tex,2012,applied,9,OK,,No action unless subject reviewer finds a mathematical gap.
latex-project/content/split_applied/applied_2013.tex,2013,applied,1,THEOREM_DEP+SOURCE_ALIGN_RISK,,Classify dependency as allowed prerequisite or expand proof/special case if it is the tested point.
latex-project/content/split_applied/applied_2013.tex,2013,applied,2,SOURCE_ALIGN_RISK,,Verify against individual/team/year source PDF; do not rewrite if OCR/source is uncertain.
latex-project/content/split_applied/applied_2013.tex,2013,applied,3,SOURCE_ALIGN_RISK,,Verify against individual/team/year source PDF; do not rewrite if OCR/source is uncertain.
latex-project/content/split_applied/applied_2013.tex,2013,applied,4,SOURCE_ALIGN_RISK,,Verify against individual/team/year source PDF; do not rewrite if OCR/source is uncertain.
latex-project/content/split_applied/applied_2013.tex,2013,applied,5,THEOREM_DEP+SOURCE_ALIGN_RISK,,Classify dependency as allowed prerequisite or expand proof/special case if it is the tested point.
latex-project/content/split_applied/applied_2013.tex,2013,applied,6,SOURCE_ALIGN_RISK,,Verify against individual/team/year source PDF; do not rewrite if OCR/source is uncertain.
latex-project/content/split_applied/applied_2013.tex,2013,applied,7,SOURCE_ALIGN_RISK,,Verify against individual/team/year source PDF; do not rewrite if OCR/source is uncertain.
latex-project/content/split_applied/applied_2013.tex,2013,applied,8,SOURCE_ALIGN_RISK,,Verify against individual/team/year source PDF; do not rewrite if OCR/source is uncertain.
latex-project/content/split_applied/applied_2013.tex,2013,applied,9,THEOREM_DEP+SOURCE_ALIGN_RISK,,Classify dependency as allowed prerequisite or expand proof/special case if it is the tested point.
latex-project/content/split_applied/applied_2013.tex,2013,applied,10,SOURCE_ALIGN_RISK,,Verify against individual/team/year source PDF; do not rewrite if OCR/source is uncertain.
latex-project/content/split_applied/applied_2013.tex,2013,applied,11,SOURCE_ALIGN_RISK,,Verify against individual/team/year source PDF; do not rewrite if OCR/source is uncertain.
latex-project/content/split_applied/applied_2014.tex,2014,applied,1,OK,,No action unless subject reviewer finds a mathematical gap.
latex-project/content/split_applied/applied_2014.tex,2014,applied,2,THEOREM_DEP,Eisenstein,Classify dependency as allowed prerequisite or expand proof/special case if it is the tested point.
latex-project/content/split_applied/applied_2014.tex,2014,applied,3,OK,,No action unless subject reviewer finds a mathematical gap.
latex-project/content/split_applied/applied_2014.tex,2014,applied,4,OK,,No action unless subject reviewer finds a mathematical gap.
latex-project/content/split_applied/applied_2014.tex,2014,applied,5,OK,,No action unless subject reviewer finds a mathematical gap.
latex-project/content/split_applied/applied_2014.tex,2014,applied,6,OK,,No action unless subject reviewer finds a mathematical gap.
latex-project/content/split_applied/applied_2014.tex,2014,applied,7,THEOREM_DEP,,Classify dependency as allowed prerequisite or expand proof/special case if it is the tested point.
latex-project/content/split_applied/applied_2014.tex,2014,applied,8,THEOREM_DEP,,Classify dependency as allowed prerequisite or expand proof/special case if it is the tested point.
latex-project/content/split_applied/applied_2014.tex,2014,applied,9,THEOREM_DEP,,Classify dependency as allowed prerequisite or expand proof/special case if it is the tested point.
latex-project/content/split_applied/applied_2014.tex,2014,applied,10,OK,,No action unless subject reviewer finds a mathematical gap.
latex-project/content/split_applied/applied_2015.tex,2015,applied,1,OK,,No action unless subject reviewer finds a mathematical gap.
latex-project/content/split_applied/applied_2015.tex,2015,applied,2,OK,,No action unless subject reviewer finds a mathematical gap.
latex-project/content/split_applied/applied_2015.tex,2015,applied,3,OK,,No action unless subject reviewer finds a mathematical gap.
latex-project/content/split_applied/applied_2015.tex,2015,applied,4,OK,,No action unless subject reviewer finds a mathematical gap.
latex-project/content/split_applied/applied_2015.tex,2015,applied,5,THEOREM_DEP,,Classify dependency as allowed prerequisite or expand proof/special case if it is the tested point.
latex-project/content/split_applied/applied_2015.tex,2015,applied,6,THEOREM_DEP,maximum principle,Classify dependency as allowed prerequisite or expand proof/special case if it is the tested point.
latex-project/content/split_applied/applied_2015.tex,2015,applied,7,OK,,No action unless subject reviewer finds a mathematical gap.
latex-project/content/split_applied/applied_2015.tex,2015,applied,8,THEOREM_DEP,,Classify dependency as allowed prerequisite or expand proof/special case if it is the tested point.
latex-project/content/split_applied/applied_2015.tex,2015,applied,9,THEOREM_DEP,,Classify dependency as allowed prerequisite or expand proof/special case if it is the tested point.
latex-project/content/split_applied/applied_2015.tex,2015,applied,10,THEOREM_DEP,,Classify dependency as allowed prerequisite or expand proof/special case if it is the tested point.
latex-project/content/split_applied/applied_2016.tex,2016,applied,1,SOURCE_ALIGN_RISK,,Verify against individual/team/year source PDF; do not rewrite if OCR/source is uncertain.
latex-project/content/split_applied/applied_2016.tex,2016,applied,2,SOURCE_ALIGN_RISK,,Verify against individual/team/year source PDF; do not rewrite if OCR/source is uncertain.
latex-project/content/split_applied/applied_2016.tex,2016,applied,3,SOURCE_ALIGN_RISK,,Verify against individual/team/year source PDF; do not rewrite if OCR/source is uncertain.
latex-project/content/split_applied/applied_2016.tex,2016,applied,4,SOURCE_ALIGN_RISK,,Verify against individual/team/year source PDF; do not rewrite if OCR/source is uncertain.
latex-project/content/split_applied/applied_2016.tex,2016,applied,5,THEOREM_DEP+SOURCE_ALIGN_RISK,,Classify dependency as allowed prerequisite or expand proof/special case if it is the tested point.
latex-project/content/split_applied/applied_2016.tex,2016,applied,6,SOURCE_ALIGN_RISK,,Verify against individual/team/year source PDF; do not rewrite if OCR/source is uncertain.
latex-project/content/split_applied/applied_2016.tex,2016,applied,7,SOURCE_ALIGN_RISK,,Verify against individual/team/year source PDF; do not rewrite if OCR/source is uncertain.
latex-project/content/split_applied/applied_2016.tex,2016,applied,8,SOURCE_ALIGN_RISK,,Verify against individual/team/year source PDF; do not rewrite if OCR/source is uncertain.
latex-project/content/split_applied/applied_2016.tex,2016,applied,9,SOURCE_ALIGN_RISK,,Verify against individual/team/year source PDF; do not rewrite if OCR/source is uncertain.
latex-project/content/split_applied/applied_2016.tex,2016,applied,10,SOURCE_ALIGN_RISK,,Verify against individual/team/year source PDF; do not rewrite if OCR/source is uncertain.
latex-project/content/split_applied/applied_2017.tex,2017,applied,1,THEOREM_DEP+SOURCE_ALIGN_RISK,,Classify dependency as allowed prerequisite or expand proof/special case if it is the tested point.
latex-project/content/split_applied/applied_2017.tex,2017,applied,2,SOURCE_ALIGN_RISK,,Verify against individual/team/year source PDF; do not rewrite if OCR/source is uncertain.
latex-project/content/split_applied/applied_2017.tex,2017,applied,3,SOURCE_ALIGN_RISK,,Verify against individual/team/year source PDF; do not rewrite if OCR/source is uncertain.
latex-project/content/split_applied/applied_2017.tex,2017,applied,4,THEOREM_DEP+SOURCE_ALIGN_RISK,,Classify dependency as allowed prerequisite or expand proof/special case if it is the tested point.
latex-project/content/split_applied/applied_2017.tex,2017,applied,5,SOURCE_ALIGN_RISK,,Verify against individual/team/year source PDF; do not rewrite if OCR/source is uncertain.
latex-project/content/split_applied/applied_2017.tex,2017,applied,6,SOURCE_ALIGN_RISK,,Verify against individual/team/year source PDF; do not rewrite if OCR/source is uncertain.
latex-project/content/split_applied/applied_2017.tex,2017,applied,7,THEOREM_DEP+SOURCE_ALIGN_RISK,maximum principle,Classify dependency as allowed prerequisite or expand proof/special case if it is the tested point.
latex-project/content/split_applied/applied_2017.tex,2017,applied,8,SOURCE_ALIGN_RISK,,Verify against individual/team/year source PDF; do not rewrite if OCR/source is uncertain.
latex-project/content/split_applied/applied_2017.tex,2017,applied,9,SOURCE_ALIGN_RISK,,Verify against individual/team/year source PDF; do not rewrite if OCR/source is uncertain.
latex-project/content/split_applied/applied_2017.tex,2017,applied,10,THEOREM_DEP+SOURCE_ALIGN_RISK,,Classify dependency as allowed prerequisite or expand proof/special case if it is the tested point.
latex-project/content/split_applied/applied_2018.tex,2018,applied,1,SOURCE_ALIGN_RISK,,Verify against individual/team/year source PDF; do not rewrite if OCR/source is uncertain.
latex-project/content/split_applied/applied_2018.tex,2018,applied,2,SOURCE_ALIGN_RISK,,Verify against individual/team/year source PDF; do not rewrite if OCR/source is uncertain.
latex-project/content/split_applied/applied_2018.tex,2018,applied,3,THEOREM_DEP+SOURCE_ALIGN_RISK,,Classify dependency as allowed prerequisite or expand proof/special case if it is the tested point.
latex-project/content/split_applied/applied_2018.tex,2018,applied,4,SOURCE_ALIGN_RISK,,Verify against individual/team/year source PDF; do not rewrite if OCR/source is uncertain.
latex-project/content/split_applied/applied_2018.tex,2018,applied,5,SOURCE_ALIGN_RISK,,Verify against individual/team/year source PDF; do not rewrite if OCR/source is uncertain.
latex-project/content/split_applied/applied_2018.tex,2018,applied,6,SOURCE_ALIGN_RISK,,Verify against individual/team/year source PDF; do not rewrite if OCR/source is uncertain.
latex-project/content/split_applied/applied_2018.tex,2018,applied,7,SOURCE_ALIGN_RISK,,Verify against individual/team/year source PDF; do not rewrite if OCR/source is uncertain.
latex-project/content/split_applied/applied_2018.tex,2018,applied,8,SOURCE_ALIGN_RISK,,Verify against individual/team/year source PDF; do not rewrite if OCR/source is uncertain.
latex-project/content/split_applied/applied_2018.tex,2018,applied,9,SOURCE_ALIGN_RISK,,Verify against individual/team/year source PDF; do not rewrite if OCR/source is uncertain.
latex-project/content/split_applied/applied_2018.tex,2018,applied,10,SOURCE_ALIGN_RISK,,Verify against individual/team/year source PDF; do not rewrite if OCR/source is uncertain.
latex-project/content/split_applied/applied_2019.tex,2019,applied,1,THEOREM_DEP,,Classify dependency as allowed prerequisite or expand proof/special case if it is the tested point.
latex-project/content/split_applied/applied_2019.tex,2019,applied,2,OK,,No action unless subject reviewer finds a mathematical gap.
latex-project/content/split_applied/applied_2019.tex,2019,applied,3,THEOREM_DEP,,Classify dependency as allowed prerequisite or expand proof/special case if it is the tested point.
latex-project/content/split_applied/applied_2019.tex,2019,applied,4,OK,,No action unless subject reviewer finds a mathematical gap.
latex-project/content/split_applied/applied_2019.tex,2019,applied,5,OK,,No action unless subject reviewer finds a mathematical gap.
latex-project/content/split_applied/applied_2019.tex,2019,applied,6,OK,,No action unless subject reviewer finds a mathematical gap.
latex-project/content/split_applied/applied_2019.tex,2019,applied,7,OK,,No action unless subject reviewer finds a mathematical gap.
latex-project/content/split_applied/applied_2019.tex,2019,applied,8,THEOREM_DEP,,Classify dependency as allowed prerequisite or expand proof/special case if it is the tested point.
latex-project/content/split_applied/applied_2019.tex,2019,applied,9,THEOREM_DEP,,Classify dependency as allowed prerequisite or expand proof/special case if it is the tested point.
latex-project/content/split_applied/applied_2020.tex,2020,applied,1,THEOREM_DEP,,Classify dependency as allowed prerequisite or expand proof/special case if it is the tested point.
latex-project/content/split_applied/applied_2020.tex,2020,applied,2,THEOREM_DEP,,Classify dependency as allowed prerequisite or expand proof/special case if it is the tested point.
latex-project/content/split_applied/applied_2020.tex,2020,applied,3,OK,,No action unless subject reviewer finds a mathematical gap.
latex-project/content/split_applied/applied_2020.tex,2020,applied,4,OK,,No action unless subject reviewer finds a mathematical gap.
latex-project/content/split_applied/applied_2020.tex,2020,applied,5,OK,,No action unless subject reviewer finds a mathematical gap.
latex-project/content/split_applied/applied_2020.tex,2020,applied,6,OK,,No action unless subject reviewer finds a mathematical gap.
latex-project/content/split_applied/applied_2021.tex,2021,applied,1,THEOREM_DEP,,Classify dependency as allowed prerequisite or expand proof/special case if it is the tested point.
latex-project/content/split_applied/applied_2021.tex,2021,applied,2,OK,,No action unless subject reviewer finds a mathematical gap.
latex-project/content/split_applied/applied_2021.tex,2021,applied,3,THEOREM_DEP,,Classify dependency as allowed prerequisite or expand proof/special case if it is the tested point.
latex-project/content/split_applied/applied_2021.tex,2021,applied,4,THEOREM_DEP,,Classify dependency as allowed prerequisite or expand proof/special case if it is the tested point.
latex-project/content/split_applied/applied_2021.tex,2021,applied,5,OK,,No action unless subject reviewer finds a mathematical gap.
latex-project/content/split_applied/applied_2021.tex,2021,applied,6,THEOREM_DEP,Poincaré,Classify dependency as allowed prerequisite or expand proof/special case if it is the tested point.
latex-project/content/split_applied/applied_2022.tex,2022,applied,1,OK,,No action unless subject reviewer finds a mathematical gap.
latex-project/content/split_applied/applied_2022.tex,2022,applied,2,OK,,No action unless subject reviewer finds a mathematical gap.
latex-project/content/split_applied/applied_2022.tex,2022,applied,3,OK,,No action unless subject reviewer finds a mathematical gap.
latex-project/content/split_applied/applied_2022.tex,2022,applied,4,OK,,No action unless subject reviewer finds a mathematical gap.
latex-project/content/split_applied/applied_2022.tex,2022,applied,5,OK,,No action unless subject reviewer finds a mathematical gap.
latex-project/content/split_applied/applied_2022.tex,2022,applied,6,THEOREM_DEP+SOURCE_ALIGN_RISK,individual,Classify dependency as allowed prerequisite or expand proof/special case if it is the tested point.
latex-project/content/split_applied/applied_2023.tex,2023,applied,1,SOURCE_ALIGN_RISK,,Verify against individual/team/year source PDF; do not rewrite if OCR/source is uncertain.
latex-project/content/split_applied/applied_2023.tex,2023,applied,2,SOURCE_ALIGN_RISK,,Verify against individual/team/year source PDF; do not rewrite if OCR/source is uncertain.
latex-project/content/split_applied/applied_2023.tex,2023,applied,3,SOURCE_ALIGN_RISK,,Verify against individual/team/year source PDF; do not rewrite if OCR/source is uncertain.
latex-project/content/split_applied/applied_2023.tex,2023,applied,4,THEOREM_DEP+SOURCE_ALIGN_RISK,,Classify dependency as allowed prerequisite or expand proof/special case if it is the tested point.
latex-project/content/split_applied/applied_2023.tex,2023,applied,5,THEOREM_DEP+SOURCE_ALIGN_RISK,maximum principle,Classify dependency as allowed prerequisite or expand proof/special case if it is the tested point.
latex-project/content/split_applied/applied_2023.tex,2023,applied,6,THEOREM_DEP+SOURCE_ALIGN_RISK,source,Classify dependency as allowed prerequisite or expand proof/special case if it is the tested point.
latex-project/content/split_applied/applied_2024.tex,2024,applied,1,THEOREM_DEP,,Classify dependency as allowed prerequisite or expand proof/special case if it is the tested point.
latex-project/content/split_applied/applied_2024.tex,2024,applied,2,OK,,No action unless subject reviewer finds a mathematical gap.
latex-project/content/split_applied/applied_2024.tex,2024,applied,3,THEOREM_DEP,,Classify dependency as allowed prerequisite or expand proof/special case if it is the tested point.
latex-project/content/split_applied/applied_2024.tex,2024,applied,4,OK,,No action unless subject reviewer finds a mathematical gap.
latex-project/content/split_applied/applied_2024.tex,2024,applied,5,THEOREM_DEP,,Classify dependency as allowed prerequisite or expand proof/special case if it is the tested point.
latex-project/content/split_applied/applied_2024.tex,2024,applied,6,THEOREM_DEP,,Classify dependency as allowed prerequisite or expand proof/special case if it is the tested point.
latex-project/content/split_applied/applied_2025.tex,2025,applied,1,OK,,No action unless subject reviewer finds a mathematical gap.
latex-project/content/split_applied/applied_2025.tex,2025,applied,2,OK,,No action unless subject reviewer finds a mathematical gap.
latex-project/content/split_applied/applied_2025.tex,2025,applied,3,THEOREM_DEP,,Classify dependency as allowed prerequisite or expand proof/special case if it is the tested point.
latex-project/content/split_applied/applied_2025.tex,2025,applied,4,THEOREM_DEP,,Classify dependency as allowed prerequisite or expand proof/special case if it is the tested point.
latex-project/content/split_applied/applied_2025.tex,2025,applied,5,THEOREM_DEP+SOURCE_ALIGN_RISK,"individual, maximum principle",Classify dependency as allowed prerequisite or expand proof/special case if it is the tested point.
latex-project/content/split_applied/applied_2025.tex,2025,applied,6,OK,,No action unless subject reviewer finds a mathematical gap.
latex-project/content/split_applied/applied_2026.tex,2026,applied,1,THEOREM_DEP,Poincare,Classify dependency as allowed prerequisite or expand proof/special case if it is the tested point.
latex-project/content/split_applied/applied_2026.tex,2026,applied,2,THEOREM_DEP,Sobolev embedding,Classify dependency as allowed prerequisite or expand proof/special case if it is the tested point.
latex-project/content/split_applied/applied_2026.tex,2026,applied,3,OK,,No action unless subject reviewer finds a mathematical gap.
latex-project/content/split_applied/applied_2026.tex,2026,applied,4,THEOREM_DEP,,Classify dependency as allowed prerequisite or expand proof/special case if it is the tested point.
latex-project/content/split_applied/applied_2026.tex,2026,applied,5,STATEMENT_RISK+THEOREM_DEP,counterexample,Keep original statement; add counterexample/missing-hypothesis note and prove corrected intended version.
latex-project/content/split_applied/applied_2026.tex,2026,applied,6,OK,,No action unless subject reviewer finds a mathematical gap.
latex-project/content/split_geometry/geometry_2010.tex,2010,geometry,1,THEOREM_DEP,Poincaré,Classify dependency as allowed prerequisite or expand proof/special case if it is the tested point.
latex-project/content/split_geometry/geometry_2010.tex,2010,geometry,2,OK,,No action unless subject reviewer finds a mathematical gap.
latex-project/content/split_geometry/geometry_2010.tex,2010,geometry,3,OK,,No action unless subject reviewer finds a mathematical gap.
latex-project/content/split_geometry/geometry_2010.tex,2010,geometry,4,THEOREM_DEP,,Classify dependency as allowed prerequisite or expand proof/special case if it is the tested point.
latex-project/content/split_geometry/geometry_2010.tex,2010,geometry,5,OK,,No action unless subject reviewer finds a mathematical gap.
latex-project/content/split_geometry/geometry_2010.tex,2010,geometry,6,THEOREM_DEP,Stokes,Classify dependency as allowed prerequisite or expand proof/special case if it is the tested point.
latex-project/content/split_geometry/geometry_2010.tex,2010,geometry,7,OK,,No action unless subject reviewer finds a mathematical gap.
latex-project/content/split_geometry/geometry_2010.tex,2010,geometry,8,THEOREM_DEP,maximum principle,Classify dependency as allowed prerequisite or expand proof/special case if it is the tested point.
latex-project/content/split_geometry/geometry_2010.tex,2010,geometry,9,OK,,No action unless subject reviewer finds a mathematical gap.
latex-project/content/split_geometry/geometry_2010.tex,2010,geometry,10,THEOREM_DEP,Morse,Classify dependency as allowed prerequisite or expand proof/special case if it is the tested point.
latex-project/content/split_geometry/geometry_2010.tex,2010,geometry,11,OK,,No action unless subject reviewer finds a mathematical gap.
latex-project/content/split_geometry/geometry_2010.tex,2010,geometry,12,THEOREM_DEP,Stokes,Classify dependency as allowed prerequisite or expand proof/special case if it is the tested point.
latex-project/content/split_geometry/geometry_2011.tex,2011,geometry,1,OK,,No action unless subject reviewer finds a mathematical gap.
latex-project/content/split_geometry/geometry_2011.tex,2011,geometry,2,OK,,No action unless subject reviewer finds a mathematical gap.
latex-project/content/split_geometry/geometry_2011.tex,2011,geometry,3,OK,,No action unless subject reviewer finds a mathematical gap.
latex-project/content/split_geometry/geometry_2011.tex,2011,geometry,4,THEOREM_DEP,Poincaré,Classify dependency as allowed prerequisite or expand proof/special case if it is the tested point.
latex-project/content/split_geometry/geometry_2011.tex,2011,geometry,5,THEOREM_DEP,,Classify dependency as allowed prerequisite or expand proof/special case if it is the tested point.
latex-project/content/split_geometry/geometry_2011.tex,2011,geometry,6,OK,,No action unless subject reviewer finds a mathematical gap.
latex-project/content/split_geometry/geometry_2011.tex,2011,geometry,7,OK,,No action unless subject reviewer finds a mathematical gap.
latex-project/content/split_geometry/geometry_2011.tex,2011,geometry,8,OK,,No action unless subject reviewer finds a mathematical gap.
latex-project/content/split_geometry/geometry_2011.tex,2011,geometry,9,THEOREM_DEP,Stokes,Classify dependency as allowed prerequisite or expand proof/special case if it is the tested point.
latex-project/content/split_geometry/geometry_2011.tex,2011,geometry,10,THEOREM_DEP+SOURCE_ALIGN_RISK,individual,Classify dependency as allowed prerequisite or expand proof/special case if it is the tested point.
latex-project/content/split_geometry/geometry_2011.tex,2011,geometry,11,THEOREM_DEP+SOURCE_ALIGN_RISK,individual,Classify dependency as allowed prerequisite or expand proof/special case if it is the tested point.
latex-project/content/split_geometry/geometry_2011.tex,2011,geometry,12,THEOREM_DEP,,Classify dependency as allowed prerequisite or expand proof/special case if it is the tested point.
latex-project/content/split_geometry/geometry_2012.tex,2012,geometry,1,THEOREM_DEP,,Classify dependency as allowed prerequisite or expand proof/special case if it is the tested point.
latex-project/content/split_geometry/geometry_2012.tex,2012,geometry,2,THEOREM_DEP,"Frobenius, Frobenius theorem",Classify dependency as allowed prerequisite or expand proof/special case if it is the tested point.
latex-project/content/split_geometry/geometry_2012.tex,2012,geometry,3,OK,,No action unless subject reviewer finds a mathematical gap.
latex-project/content/split_geometry/geometry_2012.tex,2012,geometry,4,THEOREM_DEP,,Classify dependency as allowed prerequisite or expand proof/special case if it is the tested point.
latex-project/content/split_geometry/geometry_2012.tex,2012,geometry,5,THEOREM_DEP,,Classify dependency as allowed prerequisite or expand proof/special case if it is the tested point.
latex-project/content/split_geometry/geometry_2012.tex,2012,geometry,6,OK,,No action unless subject reviewer finds a mathematical gap.
latex-project/content/split_geometry/geometry_2012.tex,2012,geometry,7,OK,,No action unless subject reviewer finds a mathematical gap.
latex-project/content/split_geometry/geometry_2012.tex,2012,geometry,8,THEOREM_DEP,,Classify dependency as allowed prerequisite or expand proof/special case if it is the tested point.
latex-project/content/split_geometry/geometry_2012.tex,2012,geometry,9,THEOREM_DEP,,Classify dependency as allowed prerequisite or expand proof/special case if it is the tested point.
latex-project/content/split_geometry/geometry_2012.tex,2012,geometry,10,OK,,No action unless subject reviewer finds a mathematical gap.
latex-project/content/split_geometry/geometry_2012.tex,2012,geometry,11,THEOREM_DEP,Stokes,Classify dependency as allowed prerequisite or expand proof/special case if it is the tested point.
latex-project/content/split_geometry/geometry_2012.tex,2012,geometry,12,THEOREM_DEP,"Gauss-Bonnet, Stokes",Classify dependency as allowed prerequisite or expand proof/special case if it is the tested point.
latex-project/content/split_geometry/geometry_2013.tex,2013,geometry,1,THEOREM_DEP+SOURCE_ALIGN_RISK,pinch,Classify dependency as allowed prerequisite or expand proof/special case if it is the tested point.
latex-project/content/split_geometry/geometry_2013.tex,2013,geometry,2,STATEMENT_RISK+THEOREM_DEP+SOURCE_ALIGN_RISK,false,Keep original statement; add counterexample/missing-hypothesis note and prove corrected intended version.
latex-project/content/split_geometry/geometry_2013.tex,2013,geometry,3,THEOREM_DEP+SOURCE_ALIGN_RISK,,Classify dependency as allowed prerequisite or expand proof/special case if it is the tested point.
latex-project/content/split_geometry/geometry_2013.tex,2013,geometry,4,THEOREM_DEP+SOURCE_ALIGN_RISK,individual,Classify dependency as allowed prerequisite or expand proof/special case if it is the tested point.
latex-project/content/split_geometry/geometry_2013.tex,2013,geometry,5,SOURCE_ALIGN_RISK,,Verify against individual/team/year source PDF; do not rewrite if OCR/source is uncertain.
latex-project/content/split_geometry/geometry_2013.tex,2013,geometry,6,SOURCE_ALIGN_RISK,,Verify against individual/team/year source PDF; do not rewrite if OCR/source is uncertain.
latex-project/content/split_geometry/geometry_2013.tex,2013,geometry,7,SOURCE_ALIGN_RISK,,Verify against individual/team/year source PDF; do not rewrite if OCR/source is uncertain.
latex-project/content/split_geometry/geometry_2013.tex,2013,geometry,8,SOURCE_ALIGN_RISK,,Verify against individual/team/year source PDF; do not rewrite if OCR/source is uncertain.
latex-project/content/split_geometry/geometry_2013.tex,2013,geometry,9,SOURCE_ALIGN_RISK,,Verify against individual/team/year source PDF; do not rewrite if OCR/source is uncertain.
latex-project/content/split_geometry/geometry_2013.tex,2013,geometry,10,SOURCE_ALIGN_RISK,,Verify against individual/team/year source PDF; do not rewrite if OCR/source is uncertain.
latex-project/content/split_geometry/geometry_2013.tex,2013,geometry,11,THEOREM_DEP+SOURCE_ALIGN_RISK,index form,Classify dependency as allowed prerequisite or expand proof/special case if it is the tested point.
latex-project/content/split_geometry/geometry_2013.tex,2013,geometry,12,SOURCE_ALIGN_RISK,,Verify against individual/team/year source PDF; do not rewrite if OCR/source is uncertain.
latex-project/content/split_geometry/geometry_2014.tex,2014,geometry,1,THEOREM_DEP,,Classify dependency as allowed prerequisite or expand proof/special case if it is the tested point.
latex-project/content/split_geometry/geometry_2014.tex,2014,geometry,2,THEOREM_DEP,,Classify dependency as allowed prerequisite or expand proof/special case if it is the tested point.
latex-project/content/split_geometry/geometry_2014.tex,2014,geometry,3,THEOREM_DEP,Poincaré,Classify dependency as allowed prerequisite or expand proof/special case if it is the tested point.
latex-project/content/split_geometry/geometry_2014.tex,2014,geometry,4,STATEMENT_RISK+THEOREM_DEP,counterexample,Keep original statement; add counterexample/missing-hypothesis note and prove corrected intended version.
latex-project/content/split_geometry/geometry_2014.tex,2014,geometry,5,OK,,No action unless subject reviewer finds a mathematical gap.
latex-project/content/split_geometry/geometry_2014.tex,2014,geometry,6,OK,,No action unless subject reviewer finds a mathematical gap.
latex-project/content/split_geometry/geometry_2014.tex,2014,geometry,7,OK,,No action unless subject reviewer finds a mathematical gap.
latex-project/content/split_geometry/geometry_2014.tex,2014,geometry,8,OK,,No action unless subject reviewer finds a mathematical gap.
latex-project/content/split_geometry/geometry_2014.tex,2014,geometry,9,OK,,No action unless subject reviewer finds a mathematical gap.
latex-project/content/split_geometry/geometry_2014.tex,2014,geometry,10,OK,,No action unless subject reviewer finds a mathematical gap.
latex-project/content/split_geometry/geometry_2014.tex,2014,geometry,11,OK,,No action unless subject reviewer finds a mathematical gap.
latex-project/content/split_geometry/geometry_2015.tex,2015,geometry,1,THEOREM_DEP,Poincaré,Classify dependency as allowed prerequisite or expand proof/special case if it is the tested point.
latex-project/content/split_geometry/geometry_2015.tex,2015,geometry,2,THEOREM_DEP,,Classify dependency as allowed prerequisite or expand proof/special case if it is the tested point.
latex-project/content/split_geometry/geometry_2015.tex,2015,geometry,3,OK,,No action unless subject reviewer finds a mathematical gap.
latex-project/content/split_geometry/geometry_2015.tex,2015,geometry,4,THEOREM_DEP,,Classify dependency as allowed prerequisite or expand proof/special case if it is the tested point.
latex-project/content/split_geometry/geometry_2015.tex,2015,geometry,5,THEOREM_DEP,,Classify dependency as allowed prerequisite or expand proof/special case if it is the tested point.
latex-project/content/split_geometry/geometry_2015.tex,2015,geometry,6,OK,,No action unless subject reviewer finds a mathematical gap.
latex-project/content/split_geometry/geometry_2015.tex,2015,geometry,7,OK,,No action unless subject reviewer finds a mathematical gap.
latex-project/content/split_geometry/geometry_2015.tex,2015,geometry,8,OK,,No action unless subject reviewer finds a mathematical gap.
latex-project/content/split_geometry/geometry_2015.tex,2015,geometry,9,OK,,No action unless subject reviewer finds a mathematical gap.
latex-project/content/split_geometry/geometry_2015.tex,2015,geometry,10,THEOREM_DEP,maximum principle,Classify dependency as allowed prerequisite or expand proof/special case if it is the tested point.
latex-project/content/split_geometry/geometry_2015.tex,2015,geometry,11,THEOREM_DEP,,Classify dependency as allowed prerequisite or expand proof/special case if it is the tested point.
latex-project/content/split_geometry/geometry_2015.tex,2015,geometry,12,OK,,No action unless subject reviewer finds a mathematical gap.
latex-project/content/split_geometry/geometry_2016.tex,2016,geometry,1,THEOREM_DEP+SOURCE_ALIGN_RISK,Poincaré,Classify dependency as allowed prerequisite or expand proof/special case if it is the tested point.
latex-project/content/split_geometry/geometry_2016.tex,2016,geometry,2,THEOREM_DEP+SOURCE_ALIGN_RISK,de Rham,Classify dependency as allowed prerequisite or expand proof/special case if it is the tested point.
latex-project/content/split_geometry/geometry_2016.tex,2016,geometry,3,THEOREM_DEP+SOURCE_ALIGN_RISK,,Classify dependency as allowed prerequisite or expand proof/special case if it is the tested point.
latex-project/content/split_geometry/geometry_2016.tex,2016,geometry,4,SOURCE_ALIGN_RISK,,Verify against individual/team/year source PDF; do not rewrite if OCR/source is uncertain.
latex-project/content/split_geometry/geometry_2016.tex,2016,geometry,5,THEOREM_DEP+SOURCE_ALIGN_RISK,"Hodge, de Rham",Classify dependency as allowed prerequisite or expand proof/special case if it is the tested point.
latex-project/content/split_geometry/geometry_2016.tex,2016,geometry,6,THEOREM_DEP+SOURCE_ALIGN_RISK,,Classify dependency as allowed prerequisite or expand proof/special case if it is the tested point.
latex-project/content/split_geometry/geometry_2016.tex,2016,geometry,7,THEOREM_DEP+SOURCE_ALIGN_RISK,"pinch, pinching",Classify dependency as allowed prerequisite or expand proof/special case if it is the tested point.
latex-project/content/split_geometry/geometry_2016.tex,2016,geometry,8,SOURCE_ALIGN_RISK,,Verify against individual/team/year source PDF; do not rewrite if OCR/source is uncertain.
latex-project/content/split_geometry/geometry_2016.tex,2016,geometry,9,THEOREM_DEP+SOURCE_ALIGN_RISK,"Frobenius, Frobenius theorem",Classify dependency as allowed prerequisite or expand proof/special case if it is the tested point.
latex-project/content/split_geometry/geometry_2016.tex,2016,geometry,10,SOURCE_ALIGN_RISK,,Verify against individual/team/year source PDF; do not rewrite if OCR/source is uncertain.
latex-project/content/split_geometry/geometry_2016.tex,2016,geometry,11,THEOREM_DEP+SOURCE_ALIGN_RISK,,Classify dependency as allowed prerequisite or expand proof/special case if it is the tested point.
latex-project/content/split_geometry/geometry_2016.tex,2016,geometry,12,THEOREM_DEP+SOURCE_ALIGN_RISK,Stokes,Classify dependency as allowed prerequisite or expand proof/special case if it is the tested point.
latex-project/content/split_geometry/geometry_2017.tex,2017,geometry,1,THEOREM_DEP+SOURCE_ALIGN_RISK,Poincaré,Classify dependency as allowed prerequisite or expand proof/special case if it is the tested point.
latex-project/content/split_geometry/geometry_2017.tex,2017,geometry,2,SOURCE_ALIGN_RISK,,Verify against individual/team/year source PDF; do not rewrite if OCR/source is uncertain.
latex-project/content/split_geometry/geometry_2017.tex,2017,geometry,3,SOURCE_ALIGN_RISK,,Verify against individual/team/year source PDF; do not rewrite if OCR/source is uncertain.
latex-project/content/split_geometry/geometry_2017.tex,2017,geometry,4,SOURCE_ALIGN_RISK,,Verify against individual/team/year source PDF; do not rewrite if OCR/source is uncertain.
latex-project/content/split_geometry/geometry_2017.tex,2017,geometry,5,SOURCE_ALIGN_RISK,,Verify against individual/team/year source PDF; do not rewrite if OCR/source is uncertain.
latex-project/content/split_geometry/geometry_2017.tex,2017,geometry,6,THEOREM_DEP+SOURCE_ALIGN_RISK,"pinch, pinching",Classify dependency as allowed prerequisite or expand proof/special case if it is the tested point.
latex-project/content/split_geometry/geometry_2017.tex,2017,geometry,7,SOURCE_ALIGN_RISK,,Verify against individual/team/year source PDF; do not rewrite if OCR/source is uncertain.
latex-project/content/split_geometry/geometry_2017.tex,2017,geometry,8,SOURCE_ALIGN_RISK,,Verify against individual/team/year source PDF; do not rewrite if OCR/source is uncertain.
latex-project/content/split_geometry/geometry_2017.tex,2017,geometry,9,SOURCE_ALIGN_RISK,,Verify against individual/team/year source PDF; do not rewrite if OCR/source is uncertain.
latex-project/content/split_geometry/geometry_2017.tex,2017,geometry,10,SOURCE_ALIGN_RISK,,Verify against individual/team/year source PDF; do not rewrite if OCR/source is uncertain.
latex-project/content/split_geometry/geometry_2018.tex,2018,geometry,1,SOURCE_ALIGN_RISK,,Verify against individual/team/year source PDF; do not rewrite if OCR/source is uncertain.
latex-project/content/split_geometry/geometry_2018.tex,2018,geometry,2,SOURCE_ALIGN_RISK,,Verify against individual/team/year source PDF; do not rewrite if OCR/source is uncertain.
latex-project/content/split_geometry/geometry_2018.tex,2018,geometry,3,SOURCE_ALIGN_RISK,,Verify against individual/team/year source PDF; do not rewrite if OCR/source is uncertain.
latex-project/content/split_geometry/geometry_2018.tex,2018,geometry,4,SOURCE_ALIGN_RISK,,Verify against individual/team/year source PDF; do not rewrite if OCR/source is uncertain.
latex-project/content/split_geometry/geometry_2018.tex,2018,geometry,5,THEOREM_DEP+SOURCE_ALIGN_RISK,Morse,Classify dependency as allowed prerequisite or expand proof/special case if it is the tested point.
latex-project/content/split_geometry/geometry_2018.tex,2018,geometry,6,SOURCE_ALIGN_RISK,,Verify against individual/team/year source PDF; do not rewrite if OCR/source is uncertain.
latex-project/content/split_geometry/geometry_2018.tex,2018,geometry,7,THEOREM_DEP+SOURCE_ALIGN_RISK,pinch,Classify dependency as allowed prerequisite or expand proof/special case if it is the tested point.
latex-project/content/split_geometry/geometry_2018.tex,2018,geometry,8,THEOREM_DEP+SOURCE_ALIGN_RISK,,Classify dependency as allowed prerequisite or expand proof/special case if it is the tested point.
latex-project/content/split_geometry/geometry_2018.tex,2018,geometry,9,SOURCE_ALIGN_RISK,,Verify against individual/team/year source PDF; do not rewrite if OCR/source is uncertain.
latex-project/content/split_geometry/geometry_2018.tex,2018,geometry,10,THEOREM_DEP+SOURCE_ALIGN_RISK,,Classify dependency as allowed prerequisite or expand proof/special case if it is the tested point.
latex-project/content/split_geometry/geometry_2018.tex,2018,geometry,11,THEOREM_DEP+SOURCE_ALIGN_RISK,Gauss-Bonnet,Classify dependency as allowed prerequisite or expand proof/special case if it is the tested point.
latex-project/content/split_geometry/geometry_2018.tex,2018,geometry,12,THEOREM_DEP+SOURCE_ALIGN_RISK,"pinch, pinching",Classify dependency as allowed prerequisite or expand proof/special case if it is the tested point.
latex-project/content/split_geometry/geometry_2019.tex,2019,geometry,1,THEOREM_DEP,de Rham,Classify dependency as allowed prerequisite or expand proof/special case if it is the tested point.
latex-project/content/split_geometry/geometry_2019.tex,2019,geometry,2,THEOREM_DEP,,Classify dependency as allowed prerequisite or expand proof/special case if it is the tested point.
latex-project/content/split_geometry/geometry_2019.tex,2019,geometry,3,OK,,No action unless subject reviewer finds a mathematical gap.
latex-project/content/split_geometry/geometry_2019.tex,2019,geometry,4,THEOREM_DEP,,Classify dependency as allowed prerequisite or expand proof/special case if it is the tested point.
latex-project/content/split_geometry/geometry_2019.tex,2019,geometry,5,THEOREM_DEP,Uniformization,Classify dependency as allowed prerequisite or expand proof/special case if it is the tested point.
latex-project/content/split_geometry/geometry_2019.tex,2019,geometry,6,THEOREM_DEP,Poincaré,Classify dependency as allowed prerequisite or expand proof/special case if it is the tested point.
latex-project/content/split_geometry/geometry_2019.tex,2019,geometry,7,THEOREM_DEP,de Rham,Classify dependency as allowed prerequisite or expand proof/special case if it is the tested point.
latex-project/content/split_geometry/geometry_2019.tex,2019,geometry,8,THEOREM_DEP,,Classify dependency as allowed prerequisite or expand proof/special case if it is the tested point.
latex-project/content/split_geometry/geometry_2019.tex,2019,geometry,9,OK,,No action unless subject reviewer finds a mathematical gap.
latex-project/content/split_geometry/geometry_2019.tex,2019,geometry,10,THEOREM_DEP,,Classify dependency as allowed prerequisite or expand proof/special case if it is the tested point.
latex-project/content/split_geometry/geometry_2020.tex,2020,geometry,1,THEOREM_DEP,"Stokes, de Rham",Classify dependency as allowed prerequisite or expand proof/special case if it is the tested point.
latex-project/content/split_geometry/geometry_2020.tex,2020,geometry,2,THEOREM_DEP,maximum principle,Classify dependency as allowed prerequisite or expand proof/special case if it is the tested point.
latex-project/content/split_geometry/geometry_2020.tex,2020,geometry,3,THEOREM_DEP,,Classify dependency as allowed prerequisite or expand proof/special case if it is the tested point.
latex-project/content/split_geometry/geometry_2020.tex,2020,geometry,4,THEOREM_DEP,,Classify dependency as allowed prerequisite or expand proof/special case if it is the tested point.
latex-project/content/split_geometry/geometry_2020.tex,2020,geometry,5,STATEMENT_RISK+THEOREM_DEP,counterexample,Keep original statement; add counterexample/missing-hypothesis note and prove corrected intended version.
latex-project/content/split_geometry/geometry_2020.tex,2020,geometry,6,OK,,No action unless subject reviewer finds a mathematical gap.
latex-project/content/split_geometry/geometry_2021.tex,2021,geometry,1,THEOREM_DEP,,Classify dependency as allowed prerequisite or expand proof/special case if it is the tested point.
latex-project/content/split_geometry/geometry_2021.tex,2021,geometry,2,THEOREM_DEP,,Classify dependency as allowed prerequisite or expand proof/special case if it is the tested point.
latex-project/content/split_geometry/geometry_2021.tex,2021,geometry,3,THEOREM_DEP,,Classify dependency as allowed prerequisite or expand proof/special case if it is the tested point.
latex-project/content/split_geometry/geometry_2021.tex,2021,geometry,4,THEOREM_DEP,,Classify dependency as allowed prerequisite or expand proof/special case if it is the tested point.
latex-project/content/split_geometry/geometry_2021.tex,2021,geometry,5,THEOREM_DEP,,Classify dependency as allowed prerequisite or expand proof/special case if it is the tested point.
latex-project/content/split_geometry/geometry_2021.tex,2021,geometry,6,THEOREM_DEP,Jordan-Brouwer,Classify dependency as allowed prerequisite or expand proof/special case if it is the tested point.
latex-project/content/split_geometry/geometry_2022.tex,2022,geometry,1,THEOREM_DEP,"Poincaré, pinch",Classify dependency as allowed prerequisite or expand proof/special case if it is the tested point.
latex-project/content/split_geometry/geometry_2022.tex,2022,geometry,2,THEOREM_DEP,Gauss-Bonnet,Classify dependency as allowed prerequisite or expand proof/special case if it is the tested point.
latex-project/content/split_geometry/geometry_2022.tex,2022,geometry,3,THEOREM_DEP,,Classify dependency as allowed prerequisite or expand proof/special case if it is the tested point.
latex-project/content/split_geometry/geometry_2022.tex,2022,geometry,4,THEOREM_DEP,,Classify dependency as allowed prerequisite or expand proof/special case if it is the tested point.
latex-project/content/split_geometry/geometry_2022.tex,2022,geometry,5,THEOREM_DEP,,Classify dependency as allowed prerequisite or expand proof/special case if it is the tested point.
latex-project/content/split_geometry/geometry_2022.tex,2022,geometry,6,THEOREM_DEP,maximum principle,Classify dependency as allowed prerequisite or expand proof/special case if it is the tested point.
latex-project/content/split_geometry/geometry_2023.tex,2023,geometry,1,THEOREM_DEP+SOURCE_ALIGN_RISK,,Classify dependency as allowed prerequisite or expand proof/special case if it is the tested point.
latex-project/content/split_geometry/geometry_2023.tex,2023,geometry,2,THEOREM_DEP+SOURCE_ALIGN_RISK,Poincare,Classify dependency as allowed prerequisite or expand proof/special case if it is the tested point.
latex-project/content/split_geometry/geometry_2023.tex,2023,geometry,3,SOURCE_ALIGN_RISK,,Verify against individual/team/year source PDF; do not rewrite if OCR/source is uncertain.
latex-project/content/split_geometry/geometry_2023.tex,2023,geometry,4,THEOREM_DEP+SOURCE_ALIGN_RISK,,Classify dependency as allowed prerequisite or expand proof/special case if it is the tested point.
latex-project/content/split_geometry/geometry_2023.tex,2023,geometry,5,THEOREM_DEP+SOURCE_ALIGN_RISK,Stokes,Classify dependency as allowed prerequisite or expand proof/special case if it is the tested point.
latex-project/content/split_geometry/geometry_2023.tex,2023,geometry,6,THEOREM_DEP+SOURCE_ALIGN_RISK,Ricci soliton,Classify dependency as allowed prerequisite or expand proof/special case if it is the tested point.
latex-project/content/split_geometry/geometry_2024.tex,2024,geometry,1,THEOREM_DEP,pinch,Classify dependency as allowed prerequisite or expand proof/special case if it is the tested point.
latex-project/content/split_geometry/geometry_2024.tex,2024,geometry,2,THEOREM_DEP,maximum principle,Classify dependency as allowed prerequisite or expand proof/special case if it is the tested point.
latex-project/content/split_geometry/geometry_2024.tex,2024,geometry,3,THEOREM_DEP,Poincaré,Classify dependency as allowed prerequisite or expand proof/special case if it is the tested point.
latex-project/content/split_geometry/geometry_2024.tex,2024,geometry,4,OK,,No action unless subject reviewer finds a mathematical gap.
latex-project/content/split_geometry/geometry_2024.tex,2024,geometry,5,THEOREM_DEP,Smith,Classify dependency as allowed prerequisite or expand proof/special case if it is the tested point.
latex-project/content/split_geometry/geometry_2024.tex,2024,geometry,6,OK,,No action unless subject reviewer finds a mathematical gap.
latex-project/content/split_geometry/geometry_2025.tex,2025,geometry,1,STATEMENT_RISK+THEOREM_DEP+SOURCE_ALIGN_RISK,"Gauss-Bonnet, Poincaré, false, individual, source",Keep original statement; add counterexample/missing-hypothesis note and prove corrected intended version.
latex-project/content/split_geometry/geometry_2025.tex,2025,geometry,2,THEOREM_DEP,"Poincaré, de Rham",Classify dependency as allowed prerequisite or expand proof/special case if it is the tested point.
latex-project/content/split_geometry/geometry_2025.tex,2025,geometry,3,OK,,No action unless subject reviewer finds a mathematical gap.
latex-project/content/split_geometry/geometry_2025.tex,2025,geometry,4,OK,,No action unless subject reviewer finds a mathematical gap.
latex-project/content/split_geometry/geometry_2025.tex,2025,geometry,5,THEOREM_DEP,"Fredholm, Gauss-Bonnet",Classify dependency as allowed prerequisite or expand proof/special case if it is the tested point.
latex-project/content/split_geometry/geometry_2025.tex,2025,geometry,6,OK,,No action unless subject reviewer finds a mathematical gap.
latex-project/content/split_geometry/geometry_2026.tex,2026,geometry,1,THEOREM_DEP,,Classify dependency as allowed prerequisite or expand proof/special case if it is the tested point.
latex-project/content/split_geometry/geometry_2026.tex,2026,geometry,2,OK,,No action unless subject reviewer finds a mathematical gap.
latex-project/content/split_geometry/geometry_2026.tex,2026,geometry,3,OK,,No action unless subject reviewer finds a mathematical gap.
latex-project/content/split_geometry/geometry_2026.tex,2026,geometry,4,THEOREM_DEP,"James, Morse",Classify dependency as allowed prerequisite or expand proof/special case if it is the tested point.
latex-project/content/split_geometry/geometry_2026.tex,2026,geometry,5,THEOREM_DEP,Smith,Classify dependency as allowed prerequisite or expand proof/special case if it is the tested point.
latex-project/content/split_geometry/geometry_2026.tex,2026,geometry,6,THEOREM_DEP,index form,Classify dependency as allowed prerequisite or expand proof/special case if it is the tested point.
latex-project/content/split_physics/physics_2022.tex,2022,physics,1,THEOREM_DEP,,Classify dependency as allowed prerequisite or expand proof/special case if it is the tested point.
latex-project/content/split_physics/physics_2022.tex,2022,physics,2,THEOREM_DEP+SOURCE_ALIGN_RISK,individual,Classify dependency as allowed prerequisite or expand proof/special case if it is the tested point.
latex-project/content/split_physics/physics_2022.tex,2022,physics,3,THEOREM_DEP,,Classify dependency as allowed prerequisite or expand proof/special case if it is the tested point.
latex-project/content/split_physics/physics_2022.tex,2022,physics,4,THEOREM_DEP,,Classify dependency as allowed prerequisite or expand proof/special case if it is the tested point.
latex-project/content/split_physics/physics_2022.tex,2022,physics,5,OK,,No action unless subject reviewer finds a mathematical gap.
latex-project/content/split_physics/physics_2022.tex,2022,physics,6,THEOREM_DEP+SOURCE_ALIGN_RISK,individual,Classify dependency as allowed prerequisite or expand proof/special case if it is the tested point.
latex-project/content/split_physics/physics_2023.tex,2023,physics,1,THEOREM_DEP+SOURCE_ALIGN_RISK,,Classify dependency as allowed prerequisite or expand proof/special case if it is the tested point.
latex-project/content/split_physics/physics_2023.tex,2023,physics,2,THEOREM_DEP+SOURCE_ALIGN_RISK,individual,Classify dependency as allowed prerequisite or expand proof/special case if it is the tested point.
latex-project/content/split_physics/physics_2023.tex,2023,physics,3,THEOREM_DEP+SOURCE_ALIGN_RISK,"Poincaré, source",Classify dependency as allowed prerequisite or expand proof/special case if it is the tested point.
latex-project/content/split_physics/physics_2023.tex,2023,physics,4,THEOREM_DEP+SOURCE_ALIGN_RISK,,Classify dependency as allowed prerequisite or expand proof/special case if it is the tested point.
latex-project/content/split_physics/physics_2023.tex,2023,physics,5,THEOREM_DEP+SOURCE_ALIGN_RISK,individual,Classify dependency as allowed prerequisite or expand proof/special case if it is the tested point.
latex-project/content/split_physics/physics_2023.tex,2023,physics,6,SOURCE_ALIGN_RISK,,Verify against individual/team/year source PDF; do not rewrite if OCR/source is uncertain.
latex-project/content/split_physics/physics_2024.tex,2024,physics,1,OK,,No action unless subject reviewer finds a mathematical gap.
latex-project/content/split_physics/physics_2024.tex,2024,physics,2,OK,,No action unless subject reviewer finds a mathematical gap.
latex-project/content/split_physics/physics_2024.tex,2024,physics,3,THEOREM_DEP,,Classify dependency as allowed prerequisite or expand proof/special case if it is the tested point.
latex-project/content/split_physics/physics_2024.tex,2024,physics,4,OK,,No action unless subject reviewer finds a mathematical gap.
latex-project/content/split_physics/physics_2024.tex,2024,physics,5,THEOREM_DEP,,Classify dependency as allowed prerequisite or expand proof/special case if it is the tested point.
latex-project/content/split_physics/physics_2024.tex,2024,physics,6,OK,,No action unless subject reviewer finds a mathematical gap.
latex-project/content/split_physics/physics_2025.tex,2025,physics,1,OK,,No action unless subject reviewer finds a mathematical gap.
latex-project/content/split_physics/physics_2025.tex,2025,physics,2,THEOREM_DEP,,Classify dependency as allowed prerequisite or expand proof/special case if it is the tested point.
latex-project/content/split_physics/physics_2025.tex,2025,physics,3,THEOREM_DEP,,Classify dependency as allowed prerequisite or expand proof/special case if it is the tested point.
latex-project/content/split_physics/physics_2025.tex,2025,physics,4,THEOREM_DEP,,Classify dependency as allowed prerequisite or expand proof/special case if it is the tested point.
latex-project/content/split_physics/physics_2025.tex,2025,physics,5,OK,,No action unless subject reviewer finds a mathematical gap.
latex-project/content/split_physics/physics_2025.tex,2025,physics,6,THEOREM_DEP,,Classify dependency as allowed prerequisite or expand proof/special case if it is the tested point.
latex-project/content/split_physics/physics_2026.tex,2026,physics,1,OK,,No action unless subject reviewer finds a mathematical gap.
latex-project/content/split_physics/physics_2026.tex,2026,physics,2,OK,,No action unless subject reviewer finds a mathematical gap.
latex-project/content/split_physics/physics_2026.tex,2026,physics,3,THEOREM_DEP+SOURCE_ALIGN_RISK,individual,Classify dependency as allowed prerequisite or expand proof/special case if it is the tested point.
latex-project/content/split_physics/physics_2026.tex,2026,physics,4,OK,,No action unless subject reviewer finds a mathematical gap.
latex-project/content/split_physics/physics_2026.tex,2026,physics,5,OK,,No action unless subject reviewer finds a mathematical gap.
latex-project/content/split_physics/physics_2026.tex,2026,physics,6,OK,,No action unless subject reviewer finds a mathematical gap.
latex-project/content/split_probability/probability_2010.tex,2010,probability,1,THEOREM_DEP+SOURCE_ALIGN_RISK,individual,Classify dependency as allowed prerequisite or expand proof/special case if it is the tested point.
latex-project/content/split_probability/probability_2010.tex,2010,probability,2,THEOREM_DEP,,Classify dependency as allowed prerequisite or expand proof/special case if it is the tested point.
latex-project/content/split_probability/probability_2010.tex,2010,probability,3,THEOREM_DEP+SOURCE_ALIGN_RISK,individual,Classify dependency as allowed prerequisite or expand proof/special case if it is the tested point.
latex-project/content/split_probability/probability_2010.tex,2010,probability,4,THEOREM_DEP,Delta method,Classify dependency as allowed prerequisite or expand proof/special case if it is the tested point.
latex-project/content/split_probability/probability_2010.tex,2010,probability,5,OK,,No action unless subject reviewer finds a mathematical gap.
latex-project/content/split_probability/probability_2010.tex,2010,probability,6,THEOREM_DEP,"Frobenius, spectral theorem",Classify dependency as allowed prerequisite or expand proof/special case if it is the tested point.
latex-project/content/split_probability/probability_2010.tex,2010,probability,7,THEOREM_DEP,"PDF, order statistics",Classify dependency as allowed prerequisite or expand proof/special case if it is the tested point.
latex-project/content/split_probability/probability_2010.tex,2010,probability,8,THEOREM_DEP,"CLT, central limit",Classify dependency as allowed prerequisite or expand proof/special case if it is the tested point.
latex-project/content/split_probability/probability_2010.tex,2010,probability,9,THEOREM_DEP,minimax,Classify dependency as allowed prerequisite or expand proof/special case if it is the tested point.
latex-project/content/split_probability/probability_2010.tex,2010,probability,10,OK,,No action unless subject reviewer finds a mathematical gap.
latex-project/content/split_probability/probability_2010.tex,2010,probability,11,THEOREM_DEP,,Classify dependency as allowed prerequisite or expand proof/special case if it is the tested point.
latex-project/content/split_probability/probability_2010.tex,2010,probability,12,STATEMENT_RISK+THEOREM_DEP+SOURCE_ALIGN_RISK,"counterexample, individual",Keep original statement; add counterexample/missing-hypothesis note and prove corrected intended version.
latex-project/content/split_probability/probability_2011.tex,2011,probability,1,THEOREM_DEP,,Classify dependency as allowed prerequisite or expand proof/special case if it is the tested point.
latex-project/content/split_probability/probability_2011.tex,2011,probability,2,OK,,No action unless subject reviewer finds a mathematical gap.
latex-project/content/split_probability/probability_2011.tex,2011,probability,3,OK,,No action unless subject reviewer finds a mathematical gap.
latex-project/content/split_probability/probability_2011.tex,2011,probability,4,OK,,No action unless subject reviewer finds a mathematical gap.
latex-project/content/split_probability/probability_2011.tex,2011,probability,5,THEOREM_DEP,"central limit, complete sufficient, sufficient statistic",Classify dependency as allowed prerequisite or expand proof/special case if it is the tested point.
latex-project/content/split_probability/probability_2011.tex,2011,probability,6,OK,,No action unless subject reviewer finds a mathematical gap.
latex-project/content/split_probability/probability_2011.tex,2011,probability,7,THEOREM_DEP+SOURCE_ALIGN_RISK,"PDF, individual",Classify dependency as allowed prerequisite or expand proof/special case if it is the tested point.
latex-project/content/split_probability/probability_2011.tex,2011,probability,8,OK,,No action unless subject reviewer finds a mathematical gap.
latex-project/content/split_probability/probability_2011.tex,2011,probability,9,THEOREM_DEP,,Classify dependency as allowed prerequisite or expand proof/special case if it is the tested point.
latex-project/content/split_probability/probability_2011.tex,2011,probability,10,THEOREM_DEP,"Delta method, complete sufficient, sufficient statistic",Classify dependency as allowed prerequisite or expand proof/special case if it is the tested point.
latex-project/content/split_probability/probability_2012.tex,2012,probability,1,THEOREM_DEP+SOURCE_ALIGN_RISK,individual,Classify dependency as allowed prerequisite or expand proof/special case if it is the tested point.
latex-project/content/split_probability/probability_2012.tex,2012,probability,2,THEOREM_DEP,,Classify dependency as allowed prerequisite or expand proof/special case if it is the tested point.
latex-project/content/split_probability/probability_2012.tex,2012,probability,3,OK,,No action unless subject reviewer finds a mathematical gap.
latex-project/content/split_probability/probability_2012.tex,2012,probability,4,OK,,No action unless subject reviewer finds a mathematical gap.
latex-project/content/split_probability/probability_2012.tex,2012,probability,5,OK,,No action unless subject reviewer finds a mathematical gap.
latex-project/content/split_probability/probability_2012.tex,2012,probability,6,OK,,No action unless subject reviewer finds a mathematical gap.
latex-project/content/split_probability/probability_2012.tex,2012,probability,7,THEOREM_DEP,Borel-Cantelli,Classify dependency as allowed prerequisite or expand proof/special case if it is the tested point.
latex-project/content/split_probability/probability_2012.tex,2012,probability,8,OK,,No action unless subject reviewer finds a mathematical gap.
latex-project/content/split_probability/probability_2012.tex,2012,probability,9,OK,,No action unless subject reviewer finds a mathematical gap.
latex-project/content/split_probability/probability_2013.tex,2013,probability,1,THEOREM_DEP+SOURCE_ALIGN_RISK,Borel-Cantelli,Classify dependency as allowed prerequisite or expand proof/special case if it is the tested point.
latex-project/content/split_probability/probability_2013.tex,2013,probability,2,THEOREM_DEP+SOURCE_ALIGN_RISK,PDF,Classify dependency as allowed prerequisite or expand proof/special case if it is the tested point.
latex-project/content/split_probability/probability_2013.tex,2013,probability,3,THEOREM_DEP+SOURCE_ALIGN_RISK,individual,Classify dependency as allowed prerequisite or expand proof/special case if it is the tested point.
latex-project/content/split_probability/probability_2013.tex,2013,probability,4,THEOREM_DEP+SOURCE_ALIGN_RISK,,Classify dependency as allowed prerequisite or expand proof/special case if it is the tested point.
latex-project/content/split_probability/probability_2013.tex,2013,probability,5,SOURCE_ALIGN_RISK,,Verify against individual/team/year source PDF; do not rewrite if OCR/source is uncertain.
latex-project/content/split_probability/probability_2013.tex,2013,probability,6,THEOREM_DEP+SOURCE_ALIGN_RISK,"complete sufficient, order statistics, sufficient statistic",Classify dependency as allowed prerequisite or expand proof/special case if it is the tested point.
latex-project/content/split_probability/probability_2013.tex,2013,probability,7,THEOREM_DEP+SOURCE_ALIGN_RISK,,Classify dependency as allowed prerequisite or expand proof/special case if it is the tested point.
latex-project/content/split_probability/probability_2013.tex,2013,probability,8,THEOREM_DEP+SOURCE_ALIGN_RISK,Borel-Cantelli,Classify dependency as allowed prerequisite or expand proof/special case if it is the tested point.
latex-project/content/split_probability/probability_2013.tex,2013,probability,9,SOURCE_ALIGN_RISK,,Verify against individual/team/year source PDF; do not rewrite if OCR/source is uncertain.
latex-project/content/split_probability/probability_2013.tex,2013,probability,10,THEOREM_DEP+SOURCE_ALIGN_RISK,,Classify dependency as allowed prerequisite or expand proof/special case if it is the tested point.
latex-project/content/split_probability/probability_2013.tex,2013,probability,11,SOURCE_ALIGN_RISK,,Verify against individual/team/year source PDF; do not rewrite if OCR/source is uncertain.
latex-project/content/split_probability/probability_2013.tex,2013,probability,12,STATEMENT_RISK+THEOREM_DEP+SOURCE_ALIGN_RISK,"counterexample, false",Keep original statement; add counterexample/missing-hypothesis note and prove corrected intended version.
latex-project/content/split_probability/probability_2014.tex,2014,probability,1,THEOREM_DEP,PDF,Classify dependency as allowed prerequisite or expand proof/special case if it is the tested point.
latex-project/content/split_probability/probability_2014.tex,2014,probability,2,THEOREM_DEP,,Classify dependency as allowed prerequisite or expand proof/special case if it is the tested point.
latex-project/content/split_probability/probability_2014.tex,2014,probability,3,THEOREM_DEP,,Classify dependency as allowed prerequisite or expand proof/special case if it is the tested point.
latex-project/content/split_probability/probability_2014.tex,2014,probability,4,THEOREM_DEP,order statistics,Classify dependency as allowed prerequisite or expand proof/special case if it is the tested point.
latex-project/content/split_probability/probability_2014.tex,2014,probability,5,THEOREM_DEP,,Classify dependency as allowed prerequisite or expand proof/special case if it is the tested point.
latex-project/content/split_probability/probability_2014.tex,2014,probability,6,THEOREM_DEP,,Classify dependency as allowed prerequisite or expand proof/special case if it is the tested point.
latex-project/content/split_probability/probability_2014.tex,2014,probability,7,THEOREM_DEP,,Classify dependency as allowed prerequisite or expand proof/special case if it is the tested point.
latex-project/content/split_probability/probability_2014.tex,2014,probability,8,THEOREM_DEP,,Classify dependency as allowed prerequisite or expand proof/special case if it is the tested point.
latex-project/content/split_probability/probability_2014.tex,2014,probability,9,THEOREM_DEP,"CLT, Delta method, central limit",Classify dependency as allowed prerequisite or expand proof/special case if it is the tested point.
latex-project/content/split_probability/probability_2014.tex,2014,probability,10,THEOREM_DEP+SOURCE_ALIGN_RISK,"central limit, individual, order statistics",Classify dependency as allowed prerequisite or expand proof/special case if it is the tested point.
latex-project/content/split_probability/probability_2015.tex,2015,probability,1,THEOREM_DEP,,Classify dependency as allowed prerequisite or expand proof/special case if it is the tested point.
latex-project/content/split_probability/probability_2015.tex,2015,probability,2,OK,,No action unless subject reviewer finds a mathematical gap.
latex-project/content/split_probability/probability_2015.tex,2015,probability,3,THEOREM_DEP+SOURCE_ALIGN_RISK,individual,Classify dependency as allowed prerequisite or expand proof/special case if it is the tested point.
latex-project/content/split_probability/probability_2015.tex,2015,probability,4,THEOREM_DEP,order statistics,Classify dependency as allowed prerequisite or expand proof/special case if it is the tested point.
latex-project/content/split_probability/probability_2015.tex,2015,probability,5,OK,,No action unless subject reviewer finds a mathematical gap.
latex-project/content/split_probability/probability_2015.tex,2015,probability,6,OK,,No action unless subject reviewer finds a mathematical gap.
latex-project/content/split_probability/probability_2015.tex,2015,probability,7,OK,,No action unless subject reviewer finds a mathematical gap.
latex-project/content/split_probability/probability_2015.tex,2015,probability,8,THEOREM_DEP+SOURCE_ALIGN_RISK,individual,Classify dependency as allowed prerequisite or expand proof/special case if it is the tested point.
latex-project/content/split_probability/probability_2015.tex,2015,probability,9,OK,,No action unless subject reviewer finds a mathematical gap.
latex-project/content/split_probability/probability_2015.tex,2015,probability,10,OK,,No action unless subject reviewer finds a mathematical gap.
latex-project/content/split_probability/probability_2016.tex,2016,probability,1,THEOREM_DEP+SOURCE_ALIGN_RISK,,Classify dependency as allowed prerequisite or expand proof/special case if it is the tested point.
latex-project/content/split_probability/probability_2016.tex,2016,probability,2,SOURCE_ALIGN_RISK,,Verify against individual/team/year source PDF; do not rewrite if OCR/source is uncertain.
latex-project/content/split_probability/probability_2016.tex,2016,probability,3,SOURCE_ALIGN_RISK,,Verify against individual/team/year source PDF; do not rewrite if OCR/source is uncertain.
latex-project/content/split_probability/probability_2016.tex,2016,probability,4,THEOREM_DEP+SOURCE_ALIGN_RISK,,Classify dependency as allowed prerequisite or expand proof/special case if it is the tested point.
latex-project/content/split_probability/probability_2016.tex,2016,probability,5,THEOREM_DEP+SOURCE_ALIGN_RISK,Borel-Cantelli,Classify dependency as allowed prerequisite or expand proof/special case if it is the tested point.
latex-project/content/split_probability/probability_2016.tex,2016,probability,6,THEOREM_DEP+SOURCE_ALIGN_RISK,,Classify dependency as allowed prerequisite or expand proof/special case if it is the tested point.
latex-project/content/split_probability/probability_2016.tex,2016,probability,7,THEOREM_DEP+SOURCE_ALIGN_RISK,individual,Classify dependency as allowed prerequisite or expand proof/special case if it is the tested point.
latex-project/content/split_probability/probability_2016.tex,2016,probability,8,SOURCE_ALIGN_RISK,,Verify against individual/team/year source PDF; do not rewrite if OCR/source is uncertain.
latex-project/content/split_probability/probability_2016.tex,2016,probability,9,STATEMENT_RISK+THEOREM_DEP+SOURCE_ALIGN_RISK,"Borel-Cantelli, counterexample, false",Keep original statement; add counterexample/missing-hypothesis note and prove corrected intended version.
latex-project/content/split_probability/probability_2016.tex,2016,probability,10,SOURCE_ALIGN_RISK,,Verify against individual/team/year source PDF; do not rewrite if OCR/source is uncertain.
latex-project/content/split_probability/probability_2017.tex,2017,probability,1,THEOREM_DEP+SOURCE_ALIGN_RISK,,Classify dependency as allowed prerequisite or expand proof/special case if it is the tested point.
latex-project/content/split_probability/probability_2017.tex,2017,probability,2,SOURCE_ALIGN_RISK,,Verify against individual/team/year source PDF; do not rewrite if OCR/source is uncertain.
latex-project/content/split_probability/probability_2017.tex,2017,probability,3,SOURCE_ALIGN_RISK,,Verify against individual/team/year source PDF; do not rewrite if OCR/source is uncertain.
latex-project/content/split_probability/probability_2017.tex,2017,probability,4,THEOREM_DEP+SOURCE_ALIGN_RISK,"PDF, individual",Classify dependency as allowed prerequisite or expand proof/special case if it is the tested point.
latex-project/content/split_probability/probability_2017.tex,2017,probability,5,SOURCE_ALIGN_RISK,,Verify against individual/team/year source PDF; do not rewrite if OCR/source is uncertain.
latex-project/content/split_probability/probability_2017.tex,2017,probability,6,THEOREM_DEP+SOURCE_ALIGN_RISK,central limit,Classify dependency as allowed prerequisite or expand proof/special case if it is the tested point.
latex-project/content/split_probability/probability_2017.tex,2017,probability,7,THEOREM_DEP+SOURCE_ALIGN_RISK,,Classify dependency as allowed prerequisite or expand proof/special case if it is the tested point.
latex-project/content/split_probability/probability_2017.tex,2017,probability,8,THEOREM_DEP+SOURCE_ALIGN_RISK,,Classify dependency as allowed prerequisite or expand proof/special case if it is the tested point.
latex-project/content/split_probability/probability_2017.tex,2017,probability,9,THEOREM_DEP+SOURCE_ALIGN_RISK,"Borel-Cantelli, central limit, individual",Classify dependency as allowed prerequisite or expand proof/special case if it is the tested point.
latex-project/content/split_probability/probability_2017.tex,2017,probability,10,THEOREM_DEP+SOURCE_ALIGN_RISK,"CLT, Delta method, central limit, sufficient statistic",Classify dependency as allowed prerequisite or expand proof/special case if it is the tested point.
latex-project/content/split_probability/probability_2018.tex,2018,probability,1,THEOREM_DEP+SOURCE_ALIGN_RISK,individual,Classify dependency as allowed prerequisite or expand proof/special case if it is the tested point.
latex-project/content/split_probability/probability_2018.tex,2018,probability,2,SOURCE_ALIGN_RISK,,Verify against individual/team/year source PDF; do not rewrite if OCR/source is uncertain.
latex-project/content/split_probability/probability_2018.tex,2018,probability,3,SOURCE_ALIGN_RISK,,Verify against individual/team/year source PDF; do not rewrite if OCR/source is uncertain.
latex-project/content/split_probability/probability_2018.tex,2018,probability,4,SOURCE_ALIGN_RISK,,Verify against individual/team/year source PDF; do not rewrite if OCR/source is uncertain.
latex-project/content/split_probability/probability_2018.tex,2018,probability,5,THEOREM_DEP+SOURCE_ALIGN_RISK,individual,Classify dependency as allowed prerequisite or expand proof/special case if it is the tested point.
latex-project/content/split_probability/probability_2018.tex,2018,probability,6,THEOREM_DEP+SOURCE_ALIGN_RISK,"PDF, central limit, order statistics",Classify dependency as allowed prerequisite or expand proof/special case if it is the tested point.
latex-project/content/split_probability/probability_2018.tex,2018,probability,7,THEOREM_DEP+SOURCE_ALIGN_RISK,,Classify dependency as allowed prerequisite or expand proof/special case if it is the tested point.
latex-project/content/split_probability/probability_2018.tex,2018,probability,8,SOURCE_ALIGN_RISK,,Verify against individual/team/year source PDF; do not rewrite if OCR/source is uncertain.
latex-project/content/split_probability/probability_2018.tex,2018,probability,9,THEOREM_DEP+SOURCE_ALIGN_RISK,PDF,Classify dependency as allowed prerequisite or expand proof/special case if it is the tested point.
latex-project/content/split_probability/probability_2018.tex,2018,probability,10,THEOREM_DEP+SOURCE_ALIGN_RISK,"James, James-Stein, individual",Classify dependency as allowed prerequisite or expand proof/special case if it is the tested point.
latex-project/content/split_probability/probability_2019.tex,2019,probability,1,THEOREM_DEP,Borel-Cantelli,Classify dependency as allowed prerequisite or expand proof/special case if it is the tested point.
latex-project/content/split_probability/probability_2019.tex,2019,probability,2,THEOREM_DEP,,Classify dependency as allowed prerequisite or expand proof/special case if it is the tested point.
latex-project/content/split_probability/probability_2019.tex,2019,probability,3,THEOREM_DEP,,Classify dependency as allowed prerequisite or expand proof/special case if it is the tested point.
latex-project/content/split_probability/probability_2019.tex,2019,probability,4,STATEMENT_RISK+THEOREM_DEP+SOURCE_ALIGN_RISK,"CLT, central limit, false, individual",Keep original statement; add counterexample/missing-hypothesis note and prove corrected intended version.
latex-project/content/split_probability/probability_2019.tex,2019,probability,5,THEOREM_DEP,Borel-Cantelli,Classify dependency as allowed prerequisite or expand proof/special case if it is the tested point.
latex-project/content/split_probability/probability_2019.tex,2019,probability,6,THEOREM_DEP+SOURCE_ALIGN_RISK,"Borel-Cantelli, individual",Classify dependency as allowed prerequisite or expand proof/special case if it is the tested point.
latex-project/content/split_probability/probability_2019.tex,2019,probability,7,OK,,No action unless subject reviewer finds a mathematical gap.
latex-project/content/split_probability/probability_2019.tex,2019,probability,8,OK,,No action unless subject reviewer finds a mathematical gap.
latex-project/content/split_probability/probability_2020.tex,2020,probability,1,OK,,No action unless subject reviewer finds a mathematical gap.
latex-project/content/split_probability/probability_2020.tex,2020,probability,2,THEOREM_DEP,,Classify dependency as allowed prerequisite or expand proof/special case if it is the tested point.
latex-project/content/split_probability/probability_2020.tex,2020,probability,3,THEOREM_DEP,,Classify dependency as allowed prerequisite or expand proof/special case if it is the tested point.
latex-project/content/split_probability/probability_2020.tex,2020,probability,4,OK,,No action unless subject reviewer finds a mathematical gap.
latex-project/content/split_probability/probability_2020.tex,2020,probability,5,OK,,No action unless subject reviewer finds a mathematical gap.
latex-project/content/split_probability/probability_2020.tex,2020,probability,6,THEOREM_DEP,,Classify dependency as allowed prerequisite or expand proof/special case if it is the tested point.
latex-project/content/split_probability/probability_2021.tex,2021,probability,1,THEOREM_DEP,central limit,Classify dependency as allowed prerequisite or expand proof/special case if it is the tested point.
latex-project/content/split_probability/probability_2021.tex,2021,probability,2,THEOREM_DEP,,Classify dependency as allowed prerequisite or expand proof/special case if it is the tested point.
latex-project/content/split_probability/probability_2021.tex,2021,probability,3,THEOREM_DEP,,Classify dependency as allowed prerequisite or expand proof/special case if it is the tested point.
latex-project/content/split_probability/probability_2021.tex,2021,probability,4,THEOREM_DEP,,Classify dependency as allowed prerequisite or expand proof/special case if it is the tested point.
latex-project/content/split_probability/probability_2021.tex,2021,probability,5,THEOREM_DEP,"Basu, complete sufficient, sufficient statistic",Classify dependency as allowed prerequisite or expand proof/special case if it is the tested point.
latex-project/content/split_probability/probability_2021.tex,2021,probability,6,THEOREM_DEP,"James, James-Stein, least favorable, minimax",Classify dependency as allowed prerequisite or expand proof/special case if it is the tested point.
latex-project/content/split_probability/probability_2022.tex,2022,probability,1,THEOREM_DEP,,Classify dependency as allowed prerequisite or expand proof/special case if it is the tested point.
latex-project/content/split_probability/probability_2022.tex,2022,probability,2,OK,,No action unless subject reviewer finds a mathematical gap.
latex-project/content/split_probability/probability_2022.tex,2022,probability,3,THEOREM_DEP,,Classify dependency as allowed prerequisite or expand proof/special case if it is the tested point.
latex-project/content/split_probability/probability_2022.tex,2022,probability,4,THEOREM_DEP,central limit,Classify dependency as allowed prerequisite or expand proof/special case if it is the tested point.
latex-project/content/split_probability/probability_2022.tex,2022,probability,5,THEOREM_DEP,order statistics,Classify dependency as allowed prerequisite or expand proof/special case if it is the tested point.
latex-project/content/split_probability/probability_2023.tex,2023,probability,1,THEOREM_DEP+SOURCE_ALIGN_RISK,,Classify dependency as allowed prerequisite or expand proof/special case if it is the tested point.
latex-project/content/split_probability/probability_2023.tex,2023,probability,2,SOURCE_ALIGN_RISK,,Verify against individual/team/year source PDF; do not rewrite if OCR/source is uncertain.
latex-project/content/split_probability/probability_2023.tex,2023,probability,3,THEOREM_DEP+SOURCE_ALIGN_RISK,"Borel-Cantelli, central limit",Classify dependency as allowed prerequisite or expand proof/special case if it is the tested point.
latex-project/content/split_probability/probability_2023.tex,2023,probability,4,THEOREM_DEP+SOURCE_ALIGN_RISK,,Classify dependency as allowed prerequisite or expand proof/special case if it is the tested point.
latex-project/content/split_probability/probability_2023.tex,2023,probability,5,SOURCE_ALIGN_RISK,,Verify against individual/team/year source PDF; do not rewrite if OCR/source is uncertain.
latex-project/content/split_probability/probability_2023.tex,2023,probability,6,THEOREM_DEP+SOURCE_ALIGN_RISK,source,Classify dependency as allowed prerequisite or expand proof/special case if it is the tested point.
latex-project/content/split_probability/probability_2024.tex,2024,probability,1,OK,,No action unless subject reviewer finds a mathematical gap.
latex-project/content/split_probability/probability_2024.tex,2024,probability,2,THEOREM_DEP,,Classify dependency as allowed prerequisite or expand proof/special case if it is the tested point.
latex-project/content/split_probability/probability_2024.tex,2024,probability,3,THEOREM_DEP,order statistics,Classify dependency as allowed prerequisite or expand proof/special case if it is the tested point.
latex-project/content/split_probability/probability_2024.tex,2024,probability,4,THEOREM_DEP,,Classify dependency as allowed prerequisite or expand proof/special case if it is the tested point.
latex-project/content/split_probability/probability_2024.tex,2024,probability,5,THEOREM_DEP+SOURCE_ALIGN_RISK,"complete sufficient, sufficient statistic, team",Classify dependency as allowed prerequisite or expand proof/special case if it is the tested point.
latex-project/content/split_probability/probability_2024.tex,2024,probability,6,THEOREM_DEP+SOURCE_ALIGN_RISK,"Delta method, central limit, individual",Classify dependency as allowed prerequisite or expand proof/special case if it is the tested point.
latex-project/content/split_probability/probability_2025.tex,2025,probability,1,THEOREM_DEP,minimax,Classify dependency as allowed prerequisite or expand proof/special case if it is the tested point.
latex-project/content/split_probability/probability_2025.tex,2025,probability,2,STATEMENT_RISK+THEOREM_DEP,"counterexample, false",Keep original statement; add counterexample/missing-hypothesis note and prove corrected intended version.
latex-project/content/split_probability/probability_2025.tex,2025,probability,3,OK,,No action unless subject reviewer finds a mathematical gap.
latex-project/content/split_probability/probability_2025.tex,2025,probability,4,OK,,No action unless subject reviewer finds a mathematical gap.
latex-project/content/split_probability/probability_2026.tex,2026,probability,1,OK,,No action unless subject reviewer finds a mathematical gap.
latex-project/content/split_probability/probability_2026.tex,2026,probability,2,OK,,No action unless subject reviewer finds a mathematical gap.
latex-project/content/split_probability/probability_2026.tex,2026,probability,3,OK,,No action unless subject reviewer finds a mathematical gap.
latex-project/content/split_probability/probability_2026.tex,2026,probability,4,OK,,No action unless subject reviewer finds a mathematical gap.
latex-project/content/split_probability/probability_2026.tex,2026,probability,5,THEOREM_DEP,standard intended,Classify dependency as allowed prerequisite or expand proof/special case if it is the tested point.
latex-project/content/split_probability/probability_2026.tex,2026,probability,6,OK,,No action unless subject reviewer finds a mathematical gap.
